47	9	2199	11	37	2	76	47	9	121	0	37	2	4
20	2	2213	11	46	2	87	20	2	146	0	46	2	4
51	10	2180	11	37	1	91	51	10	117	0	37	1	4
49	10	2169	22	39	2	90	49	10	117	0	39	2	3
48	11	2191	16	37	0	78	48	11	120	0	37	0	4
46	7	2201	7	39	1	80	46	7	122	0	39	1	5
49	8	2199	8	42	1	74	49	8	117	0	42	1	3
51	7	2200	8	40	1	74	51	7	118	0	40	1	3
53	8	2182	9	38	2	89	53	8	116	0	38	2	3
48	8	2193	16	41	1	74	48	8	118	1	41	1	3
45	8	2192	11	38	1	86	45	8	125	0	38	1	3
25	2	2215	1	46	0	92	25	2	143	0	46	0	4
26	2	2217	6	43	1	86	26	2	144	0	43	1	4
52	8	2199	11	38	2	71	52	8	117	0	38	2	3
36	3	2197	10	46	1	88	36	3	130	0	46	1	4
47	6	2188	10	41	1	88	47	6	121	0	41	1	4
51	11	2182	8	42	1	86	51	11	112	0	42	1	3
51	10	2181	18	40	1	80	51	10	115	0	40	1	3
47	11	2186	18	39	1	79	47	11	119	0	39	1	3
50	9	2188	12	38	1	83	50	9	118	0	38	1	4
48	10	2196	13	36	2	76	48	10	121	0	36	2	3
35	5	2206	15	41	2	77	35	5	134	0	41	2	3
34	3	2214	7	42	1	80	34	3	137	0	42	1	3
52	9	2204	12	37	1	66	52	9	118	0	37	1	3
44	10	2175	10	39	0	103	44	10	124	0	39	0	3
51	9	2180	17	38	1	85	51	9	117	0	38	1	4
52	10	2174	18	36	1	90	52	10	118	0	36	1	3
49	10	2185	20	35	2	80	49	10	120	0	35	2	4
53	7	2180	8	35	1	97	53	7	117	0	35	1	7
50	9	2188	11	39	1	83	50	9	118	0	39	1	3
54	8	2188	7	38	0	86	54	8	116	0	38	0	4
53	8	2183	15	37	1	84	53	8	118	0	37	1	3
32	5	2192	13	43	1	95	32	5	135	0	43	1	4
51	10	2185	15	42	1	77	51	10	113	0	42	1	3
23	4	2208	8	51	0	87	23	4	139	0	51	0	3
50	10	2189	19	37	2	74	50	10	118	0	37	2	3
33	6	2190	14	44	2	92	33	6	132	0	44	2	3
53	8	2165	27	37	2	89	53	8	116	0	37	2	4
44	9	2195	11	40	2	80	44	9	122	0	40	2	3
37	3	2208	6	45	0	82	37	3	132	0	45	0	3
49	8	2198	9	38	0	79	49	8	122	0	38	0	3
50	9	2189	14	37	1	81	50	9	120	0	37	1	3
52	9	2196	8	40	1	75	52	9	114	0	40	1	4
54	8	2198	10	37	1	73	54	8	117	0	37	1	3
50	9	2176	14	43	2	87	50	9	112	0	43	2	4
54	8	2183	12	36	1	87	54	8	116	0	36	1	5
51	7	2191	20	38	1	73	51	7	119	0	38	1	4
46	7	2186	13	41	1	87	46	7	122	0	41	1	3
44	10	2191	17	41	1	77	44	10	120	0	41	1	4
53	8	2183	10	43	1	83	53	8	111	0	43	1	4
46	11	2186	16	35	1	86	46	11	122	0	35	1	5
51	9	2183	12	36	1	89	51	9	118	0	36	1	5
50	8	2196	17	39	2	69	50	8	118	0	39	2	3
50	9	2191	20	37	1	73	50	9	119	0	37	1	4
51	9	2188	11	42	1	79	51	9	114	0	42	1	3
54	7	2175	10	39	1	95	54	7	116	0	39	1	3
52	8	2195	13	36	1	76	52	8	119	0	36	1	4
47	12	2185	20	35	1	81	47	12	121	0	35	1	4
31	6	2183	27	43	3	88	31	6	133	0	43	3	4
36	3	2210	10	43	1	78	36	3	134	0	43	1	3
51	8	2187	15	41	1	78	51	8	115	0	41	1	4
39	19	1703	470	29	26	95	39	19	82	12	29	26	13
50	7	2196	8	40	0	80	50	7	120	0	40	0	3
51	11	2177	16	41	1	84	51	11	112	0	41	1	4
46	14	2177	16	39	1	88	46	14	117	0	39	1	3
51	10	2193	10	37	1	79	51	10	118	0	37	1	3
51	10	2187	10	40	1	82	51	10	115	0	40	1	3
51	9	2178	12	43	0	88	51	9	114	0	43	0	3
33	3	2206	9	46	1	83	33	3	132	0	46	1	5
47	8	2190	13	42	0	81	47	8	120	0	42	0	3
49	7	2194	9	41	1	80	49	7	118	0	41	1	4
51	8	2184	12	42	1	83	51	8	115	0	42	1	3
51	8	2178	18	39	0	87	51	8	117	0	39	0	5
50	8	2188	12	40	0	83	50	8	118	0	40	0	4
26	3	2221	8	43	1	79	26	3	143	0	43	1	4
50	7	2188	10	41	3	82	50	7	116	0	41	3	3
47	12	2187	10	37	2	86	47	12	119	0	37	2	3
49	9	2176	17	40	1	89	49	9	117	0	40	1	4
51	9	2178	12	36	1	94	51	9	120	0	36	1	3
49	8	2196	8	38	1	81	49	8	121	0	38	1	3
31	3	2196	7	48	1	95	31	3	134	0	48	1	3
52	8	2184	23	37	1	76	52	8	119	0	37	1	3
46	12	2176	24	40	0	83	46	12	119	0	40	0	3
53	8	2183	10	42	2	83	53	8	112	0	42	2	3
50	7	2203	10	39	1	71	50	7	120	0	39	1	3
50	8	2184	9	36	1	93	50	8	121	0	36	1	4
46	11	2199	19	39	1	66	46	11	119	0	39	1	4
50	8	2189	7	42	2	83	50	8	114	0	42	2	4
48	8	2203	10	35	1	76	48	8	124	0	35	1	4
51	8	2191	12	38	1	80	51	8	119	0	38	1	3
48	10	2188	14	37	0	84	48	10	122	0	37	0	3
36	2	2191	8	44	1	99	36	2	132	0	44	1	5
29	5	2196	14	43	2	92	29	5	137	0	43	2	4
54	8	2189	11	38	1	80	54	8	114	0	38	1	5
50	6	2191	9	40	2	83	50	6	118	0	40	2	4
52	8	2188	9	37	1	86	52	8	118	0	37	1	4
48	7	2183	9	42	1	91	48	7	119	0	42	1	3
33	2	2212	8	45	1	80	33	2	136	0	45	1	3
51	10	2178	21	39	1	81	51	10	116	0	39	1	3
47	6	2202	11	40	1	74	47	6	123	0	40	1	3
46	7	2195	16	36	2	79	46	7	125	0	36	2	4
49	8	2197	7	39	1	80	49	8	119	0	39	1	4
34	5	2216	9	49	1	67	34	5	127	0	49	1	4
51	8	2179	13	44	1	85	51	8	113	0	44	1	3
50	10	2179	18	38	2	84	50	10	117	0	38	2	3
49	7	2205	12	39	1	68	49	7	118	0	39	1	6
46	8	2196	9	37	1	84	46	8	124	0	37	1	4
53	8	2191	14	37	1	77	53	8	117	0	37	1	4
31	3	2212	8	42	1	84	31	3	140	0	42	1	3
49	12	2176	28	37	2	77	49	12	117	0	37	2	3
51	9	2180	9	35	1	96	51	9	119	0	35	1	5
32	6	2207	14	42	1	79	32	6	136	0	42	1	3
34	4	2199	6	45	0	93	34	4	134	0	45	0	3
47	10	2185	12	39	0	88	47	10	120	0	39	0	4
49	9	2195	10	38	1	79	49	9	119	0	38	1	4
52	7	2193	8	38	1	82	52	7	119	0	38	1	3
53	8	2192	9	40	1	78	53	8	114	0	40	1	4
52	9	2185	21	40	2	72	52	9	114	0	40	2	3
34	5	2191	14	44	2	91	34	5	132	0	44	2	3
46	7	2196	11	40	1	80	46	7	123	0	40	1	3
52	8	2181	16	37	1	86	52	8	119	0	37	1	3
48	7	2195	9	36	0	86	48	7	122	0	36	0	7
50	10	2194	11	41	1	74	50	10	115	0	41	1	3
54	8	2185	9	35	1	89	54	8	118	0	35	1	4
47	8	2209	10	38	0	69	47	8	123	0	38	0	4
34	6	2187	16	45	1	92	34	6	129	0	45	1	5
51	9	2181	14	41	0	85	51	9	116	0	41	0	3
53	8	2188	8	38	1	85	53	8	117	0	38	1	3
35	4	2203	11	42	1	85	35	4	135	0	42	1	3
36	4	2199	15	46	1	80	36	4	130	0	46	1	3
24	4	2228	8	43	1	73	24	4	144	0	43	1	4
25	4	2230	7	42	1	72	25	4	143	0	42	1	5
51	11	2167	10	39	1	102	51	11	112	1	39	1	5
48	11	2190	18	37	2	75	48	11	119	0	37	2	3
46	14	2176	21	37	1	86	46	14	117	0	37	1	5
52	9	2191	9	40	1	79	52	9	115	0	40	1	3
33	6	2206	10	42	1	83	33	6	134	0	42	1	4
46	8	2196	15	40	2	74	46	8	120	1	40	2	3
49	10	2199	14	37	2	70	49	10	118	0	37	2	4
49	8	2193	8	41	1	81	49	8	116	0	41	1	5
47	10	2200	18	38	1	67	47	10	121	0	38	1	3
53	8	2189	9	38	1	83	53	8	117	0	38	1	3
50	10	2171	13	39	1	97	50	10	115	0	39	1	5
52	9	2182	7	40	1	90	52	9	113	0	40	1	5
26	33	881	1286	18	44	93	26	33	26	48	18	44	25
50	9	2202	12	37	0	71	50	9	121	0	37	0	3
51	8	2185	14	39	1	83	51	8	118	0	39	1	3
50	8	2187	10	37	1	88	50	8	120	0	37	1	4
45	8	2189	19	40	1	79	45	8	122	0	40	1	4
53	7	2189	12	39	2	79	53	7	115	0	39	2	4
49	7	2184	9	40	1	91	49	7	120	0	40	1	3
33	4	2205	9	43	1	86	33	4	135	0	43	1	4
46	8	2193	15	38	1	80	46	8	124	0	38	1	3
49	10	2184	15	34	2	87	49	10	121	0	34	2	4
32	3	2218	7	44	1	76	32	3	137	0	44	1	3
52	9	2195	10	36	1	78	52	9	118	0	36	1	4
46	8	2190	9	37	2	89	46	8	123	0	37	2	4
43	12	2176	26	40	1	83	43	12	121	0	40	1	3
48	10	2187	10	36	2	88	48	10	121	0	36	2	3
54	8	2188	6	37	1	87	54	8	116	0	37	1	4
33	3	2207	10	43	1	84	33	3	137	0	43	1	3
52	7	2204	10	39	1	68	52	7	118	0	39	1	3
51	10	2171	11	41	1	96	51	10	114	0	41	1	3
50	10	2179	14	38	1	89	50	10	116	0	38	1	5
47	8	2182	10	41	2	91	47	8	117	0	41	2	5
53	8	2198	12	38	0	72	53	8	118	0	38	0	3
35	3	2210	10	45	0	78	35	3	133	0	45	0	4
52	9	2157	29	40	3	91	52	9	113	0	40	3	3
51	8	2198	10	41	1	72	51	8	116	0	41	1	3
52	10	2196	11	37	0	75	52	10	118	0	37	0	3
51	8	2189	10	44	1	78	51	8	112	0	44	1	4
47	10	2193	10	44	1	76	47	10	115	0	44	1	3
52	9	2178	12	36	1	93	52	9	119	0	36	1	3
49	7	2191	11	43	1	79	49	7	117	0	43	1	3
50	9	2187	13	38	2	82	50	9	118	0	38	2	3
50	10	2176	15	38	1	91	50	10	118	0	38	1	3
49	10	2178	9	40	1	94	49	10	117	0	40	1	3
52	9	2186	9	44	1	80	52	9	111	0	44	1	3
26	3	2219	1	48	0	84	26	3	140	0	48	0	3
41	20	1684	496	26	27	87	41	20	78	14	26	27	14
50	11	2161	18	39	1	101	50	11	116	0	39	1	3
49	8	2191	8	35	1	89	49	8	123	0	35	1	4
41	20	1692	489	31	25	83	41	20	79	13	31	25	11
31	5	2180	26	46	2	91	31	5	132	0	46	2	4
49	9	2203	6	37	1	76	49	9	121	0	37	1	3
49	8	2186	21	38	1	78	49	8	121	0	38	1	3
50	9	2187	12	37	1	85	50	9	119	0	37	1	4
36	3	2202	9	43	1	87	36	3	134	0	43	1	3
52	7	2197	10	43	1	71	52	7	114	0	43	1	3
50	9	2185	12	38	1	86	50	9	116	0	38	1	6
51	6	2198	9	37	1	79	51	6	121	0	37	1	4
52	7	2186	11	41	1	83	52	7	115	0	41	1	4
53	9	2171	17	38	1	92	53	9	115	0	38	1	4
51	10	2171	17	41	1	90	51	10	114	0	41	1	3
49	9	2192	12	38	0	81	49	9	120	0	38	0	4
47	9	2164	26	40	2	93	47	9	118	0	40	2	4
50	9	2183	13	39	1	86	50	9	117	0	39	1	4
47	11	2183	15	37	1	87	47	11	120	0	37	1	4
50	9	2196	12	38	1	75	50	9	118	0	38	1	4
22	4	2191	18	45	1	100	22	4	144	0	45	1	4
50	8	2191	9	35	1	87	50	8	120	0	35	1	6
53	8	2184	12	42	0	82	53	8	114	0	42	0	3
36	3	2205	8	47	0	82	36	3	131	0	47	0	3
49	11	2192	14	42	1	72	49	11	114	0	42	1	3
52	10	2177	9	40	1	92	52	10	113	0	40	1	4
52	7	2192	11	37	2	80	52	7	116	0	37	2	6
50	10	2197	11	41	1	71	50	10	114	0	41	1	4
25	2	2207	12	42	1	92	25	2	147	0	42	1	3
47	12	2178	17	36	1	90	47	12	119	0	36	1	5
49	9	2194	14	37	1	77	49	9	119	0	37	1	5
49	12	2158	37	38	2	85	49	12	115	0	38	2	4
51	9	2195	13	35	1	77	51	9	120	0	35	1	4
51	9	2182	9	37	1	92	51	9	119	0	37	1	3
45	10	2189	20	40	2	75	45	10	119	0	40	2	4
49	9	2185	10	38	0	90	49	9	120	0	38	0	4
53	9	2186	13	40	1	79	53	9	114	0	40	1	3
52	9	2191	10	37	1	81	52	9	118	0	37	1	3
53	8	2196	12	36	1	75	53	8	119	0	36	1	3
50	9	2189	9	40	1	83	50	9	116	0	40	1	4
52	10	2185	12	40	1	81	52	10	114	0	40	1	3
48	9	2193	15	38	1	77	48	9	120	0	38	1	4
51	10	2185	14	37	1	83	51	10	118	0	37	1	3
47	10	2189	18	38	1	78	47	10	121	0	38	1	3
50	8	2189	12	40	1	81	50	8	116	0	40	1	5
46	9	2192	10	40	1	83	46	9	121	0	40	1	3
52	8	2182	10	40	1	88	52	8	116	0	40	1	3
48	8	2193	10	39	1	82	48	8	120	0	39	1	4
49	8	2197	6	41	1	79	49	8	116	0	41	1	5
52	8	2191	8	37	1	84	52	8	119	0	37	1	3
53	9	2180	13	41	2	83	53	9	110	0	41	2	5
51	9	2206	10	37	1	67	51	9	118	0	37	1	4
35	2	2202	0	44	0	98	35	2	136	0	44	0	3
46	12	2192	15	38	1	77	46	12	119	0	38	1	4
50	8	2194	10	38	0	81	50	8	121	0	38	0	3
52	8	2188	11	38	1	83	52	8	118	0	38	1	3
52	10	2186	18	41	0	74	52	10	114	0	41	0	3
51	9	2184	12	38	1	86	51	9	117	0	38	1	4
22	5	2205	16	42	2	89	22	5	145	0	42	2	4
52	8	2170	12	38	1	100	52	8	118	0	38	1	3
50	10	2196	18	36	1	70	50	10	119	0	36	1	4
52	9	2186	14	40	1	79	52	9	115	0	40	1	3
52	8	2188	14	37	1	81	52	8	117	0	37	1	5
51	9	2197	11	39	1	73	51	9	117	0	39	1	3
51	11	2178	8	38	2	93	51	11	115	0	38	2	3
54	7	2195	6	39	1	79	54	7	115	0	39	1	4
50	8	2193	14	36	1	79	50	8	121	0	36	1	4
54	8	2191	10	38	1	79	54	8	115	0	38	1	4
50	9	2193	7	38	1	83	50	9	118	0	38	1	4
47	11	2185	15	40	1	82	47	11	118	0	40	1	3
50	9	2193	10	37	1	81	50	9	120	0	37	1	3
51	10	2195	16	39	1	69	51	10	116	0	39	1	3
53	8	2180	10	37	1	92	53	8	117	0	37	1	4
47	12	2175	24	35	1	87	47	12	121	0	35	1	4
51	9	2175	24	42	2	78	51	9	112	0	42	2	4
51	7	2201	10	39	1	72	51	7	119	0	39	1	3
52	8	2186	12	37	1	85	52	8	119	0	37	1	3
45	8	2194	9	42	0	83	45	8	121	0	42	0	4
49	8	2185	8	41	1	89	49	8	118	0	41	1	3
54	7	2191	8	37	2	82	54	7	117	0	37	2	3
53	8	2185	6	42	0	87	53	8	114	0	42	0	3
47	9	2200	10	38	1	76	47	9	121	0	38	1	4
23	3	2208	6	47	1	93	23	3	143	0	47	1	3
47	9	2187	15	37	2	84	47	9	121	0	37	2	4
50	11	2178	15	34	2	91	50	11	119	0	34	2	4
48	10	2189	10	38	1	85	48	10	119	0	38	1	4
49	9	2191	13	38	1	80	49	9	120	0	38	1	3
52	8	2188	9	38	2	84	52	8	116	0	38	2	4
52	8	2202	10	39	3	67	52	8	115	0	39	3	3
49	10	2183	15	38	1	85	49	10	119	0	38	1	3
23	2	2223	10	46	1	76	23	2	145	0	46	1	3
51	9	2172	13	39	1	96	51	9	115	0	39	1	5
53	9	2198	8	38	1	74	53	9	116	0	38	1	3
52	9	2194	11	39	2	74	52	9	115	0	39	2	3
50	8	2189	19	38	2	75	50	8	119	0	38	2	3
36	3	2215	10	40	2	75	36	3	135	0	40	2	4
49	8	2198	12	39	1	74	49	8	120	0	39	1	3
47	8	2206	8	40	1	71	47	8	120	0	40	1	4
52	9	2182	13	37	2	86	52	9	116	0	37	2	4
50	8	2196	11	38	1	77	50	8	119	0	38	1	4
30	2	2195	8	45	1	100	30	2	138	0	45	1	4
49	9	2184	13	39	1	86	49	9	118	0	39	1	4
53	8	2182	12	39	1	86	53	8	116	0	39	1	3
50	11	2194	16	36	1	73	50	11	118	0	36	1	4
49	8	2177	13	44	1	89	49	8	115	0	44	1	3
54	8	2199	7	39	1	73	54	8	115	0	39	1	3
52	8	2180	13	39	1	88	52	8	117	0	39	1	3
34	5	2191	9	47	1	94	34	5	129	0	47	1	4
24	3	2208	10	43	1	92	24	3	145	0	43	1	4
49	11	2185	13	37	1	85	49	11	119	0	37	1	3
35	4	2200	11	42	2	87	35	4	134	0	42	2	3
52	8	2178	13	38	1	91	52	8	117	0	38	1	4
50	8	2191	11	38	1	82	50	8	120	0	38	1	3
49	11	2193	16	38	0	74	49	11	119	0	38	0	3
47	9	2181	19	38	1	86	47	9	120	0	38	1	5
51	9	2189	10	34	1	87	51	9	119	0	34	1	6
51	11	2176	16	38	1	88	51	11	116	0	38	1	3
52	8	2157	12	39	1	112	52	8	114	0	39	1	6
54	8	2185	11	35	1	87	54	8	118	0	35	1	4
21	39	442	1728	12	30	109	21	39	11	75	12	30	32
33	3	2194	11	42	0	98	33	3	139	0	42	0	3
51	6	2193	11	39	2	79	51	6	118	0	39	2	4
47	10	2177	17	38	1	91	47	10	119	0	38	1	5
47	13	2175	25	37	3	81	47	13	117	0	37	3	3
49	7	2186	9	40	1	89	49	7	120	0	40	1	3
44	9	2179	20	37	2	90	44	9	125	0	37	2	3
36	3	2191	7	43	2	99	36	3	132	0	43	2	4
37	3	2212	8	41	2	78	37	3	134	0	41	2	3
51	9	2180	10	38	0	93	51	9	117	0	38	0	5
31	6	2200	27	41	2	74	31	6	135	0	41	2	5
48	8	2192	7	38	1	87	48	8	120	0	38	1	5
48	7	2193	14	38	2	79	48	7	122	0	38	2	3
46	11	2161	25	43	2	93	46	11	114	0	43	2	4
47	11	2175	18	36	1	93	47	11	120	0	36	1	5
49	10	2188	11	39	1	83	49	10	118	0	39	1	3
53	8	2196	10	38	1	75	53	8	116	0	38	1	4
47	9	2179	16	40	1	89	47	9	120	0	40	1	3
50	8	2198	10	36	1	78	50	8	120	0	36	1	5
34	5	2201	18	41	3	79	34	5	134	0	41	3	3
31	5	2208	16	42	1	78	31	5	138	0	42	1	3
24	3	2201	6	46	1	100	24	3	142	0	46	1	4
49	7	2195	8	42	1	79	49	7	117	0	42	1	4
49	10	2182	12	43	1	84	49	10	114	0	43	1	3
51	9	2184	11	43	2	81	51	9	112	0	43	2	3
37	3	2209	8	46	0	78	37	3	130	0	46	0	4
48	7	2201	8	37	1	79	48	7	123	0	37	1	4
47	9	2189	16	40	1	79	47	9	120	0	40	1	3
48	10	2179	19	44	2	79	48	10	113	0	44	2	3
30	4	2198	10	44	2	93	30	4	136	0	44	2	4
33	6	2199	27	44	2	70	33	6	130	0	44	2	5
48	9	2170	20	41	2	91	48	9	117	0	41	2	3
35	4	2196	18	42	2	84	35	4	133	0	42	2	4
35	4	2208	13	39	1	81	35	4	137	0	39	1	4
21	2	2208	7	43	1	99	21	2	148	0	43	1	5
48	12	2178	26	36	1	80	48	12	118	0	36	1	5
52	8	2190	12	39	1	79	52	8	117	0	39	1	3
51	9	2198	8	38	1	76	51	9	117	0	38	1	4
51	7	2187	7	41	1	87	51	7	117	0	41	1	3
50	10	2188	12	38	1	82	50	10	116	0	38	1	5
52	9	2188	12	36	2	82	52	9	117	0	36	2	4
52	8	2176	12	37	1	95	52	8	118	0	37	1	4
53	8	2189	12	38	1	80	53	8	117	0	38	1	3
48	13	2199	10	37	1	73	48	13	117	0	37	1	4
50	9	2181	9	41	0	91	50	9	117	0	41	0	3
47	9	2201	9	41	1	73	47	9	118	0	41	1	4
53	9	2177	9	39	2	92	53	9	113	0	39	2	4
53	8	2176	15	39	2	88	53	8	115	0	39	2	3
52	8	2182	11	36	1	91	52	8	120	0	36	1	3
40	19	1708	467	28	26	93	40	19	79	16	28	26	12
50	9	2189	7	37	0	89	50	9	119	0	37	0	5
48	9	2187	10	36	1	90	48	9	121	0	36	1	5
52	9	2171	18	39	2	90	52	9	115	0	39	2	3
47	13	2178	16	37	2	88	47	13	117	0	37	2	4
49	12	2186	15	37	1	81	49	12	117	0	37	1	4
51	9	2186	18	36	1	80	51	9	119	0	36	1	4
48	9	2186	16	40	1	81	48	9	119	0	40	1	3
51	8	2187	10	41	1	83	51	8	114	0	41	1	5
52	7	2188	9	40	1	84	52	7	117	0	40	1	3
36	4	2209	9	44	2	77	36	4	131	0	44	2	3
48	6	2200	13	44	2	68	48	6	117	0	44	2	3
51	8	2184	9	38	1	90	51	8	118	0	38	1	4
52	9	2191	8	38	1	82	52	9	116	0	38	1	4
53	7	2190	7	38	1	85	53	7	117	0	38	1	4
36	4	2220	10	41	1	69	36	4	134	0	41	1	4
54	8	2180	11	38	1	89	54	8	115	0	38	1	4
52	7	2181	11	44	2	84	52	7	112	0	44	2	3
34	6	2199	18	43	3	78	34	6	131	0	43	3	3
51	10	2190	17	37	1	75	51	10	116	0	37	1	5
41	8	2208	9	40	1	74	41	8	127	0	40	1	3
46	12	2187	17	40	0	79	46	12	119	0	40	0	3
49	11	2174	20	40	1	86	49	11	116	0	40	1	3
34	6	2188	19	42	2	90	34	6	132	0	42	2	4
35	3	2203	1	44	0	95	35	3	135	0	44	0	3
49	12	2184	24	36	1	75	49	12	119	0	36	1	3
34	3	2190	6	43	0	105	34	3	135	0	43	0	5
50	8	2186	15	38	2	82	50	8	118	0	38	2	4
50	12	2172	17	42	1	87	50	12	110	0	42	1	5
53	8	2197	6	40	1	76	53	8	112	0	40	1	6
52	10	2184	12	38	1	84	52	10	116	0	38	1	3
47	9	2199	7	37	1	81	47	9	123	0	37	1	3
46	10	2192	10	38	1	84	46	10	121	0	38	1	4
50	10	2183	9	35	1	93	50	10	119	0	35	1	5
53	7	2203	9	39	1	69	53	7	117	0	39	1	3
51	10	2185	10	37	1	87	51	10	117	0	37	1	4
48	8	2187	10	43	1	84	48	8	117	0	43	1	3
51	9	2186	10	38	1	86	51	9	116	0	38	1	5
46	7	2183	26	40	2	77	46	7	122	0	40	2	3
52	9	2177	8	42	1	92	52	9	112	0	42	1	4
48	10	2181	19	36	1	86	48	10	121	0	36	1	4
46	7	2197	14	42	1	74	46	7	121	0	42	1	3
52	8	2188	13	39	1	80	52	8	117	0	39	1	3
30	4	2207	8	43	1	88	30	4	139	0	43	1	3
51	10	2178	10	42	1	89	51	10	113	0	42	1	3
51	9	2177	10	37	1	96	51	9	118	0	37	1	4
50	10	2203	7	39	1	71	50	10	117	0	39	1	3
51	8	2188	11	40	1	82	51	8	116	0	40	1	4
48	7	2191	10	39	1	85	48	7	122	0	39	1	3
24	2	2207	7	48	1	92	24	2	141	0	48	1	4
53	7	2188	9	41	1	82	53	7	114	0	41	1	4
53	8	2195	7	40	1	77	53	8	115	0	40	1	3
51	8	2165	10	40	1	106	51	8	117	0	40	1	3
53	8	2176	9	38	1	96	53	8	116	0	38	1	4
53	7	2194	8	40	1	78	53	7	114	0	40	1	5
47	11	2163	42	39	2	77	47	11	118	0	39	2	3
54	6	2198	8	39	1	75	54	6	116	0	39	1	4
50	11	2188	16	40	0	76	50	11	116	0	40	0	3
49	9	2196	7	37	1	82	49	9	121	0	37	1	3
46	12	2180	16	38	2	87	46	12	119	0	38	2	3
50	9	2203	13	37	1	68	50	9	119	0	37	1	4
44	9	2180	12	38	1	97	44	9	124	0	38	1	4
31	4	2205	9	39	1	92	31	4	140	0	39	1	5
32	4	2207	13	38	1	86	32	4	139	0	38	1	6
50	7	2196	8	40	1	79	50	7	118	0	40	1	4
49	9	2190	16	42	2	73	49	9	115	0	42	2	3
51	9	2189	12	41	1	78	51	9	115	0	41	1	3
34	4	2217	9	44	1	72	34	4	134	0	44	1	3
52	7	2191	9	40	0	82	52	7	116	0	40	0	5
49	10	2193	8	35	1	85	49	10	121	0	35	1	4
51	8	2195	9	37	1	80	51	8	120	0	37	1	3
49	8	2201	9	39	1	74	49	8	120	0	39	1	3
27	3	2204	12	50	1	84	27	3	136	0	50	1	3
48	8	2193	6	38	2	86	48	8	121	0	38	2	3
48	8	2190	11	41	1	82	48	8	118	0	41	1	4
49	11	2187	18	35	1	80	49	11	119	0	35	1	5
51	6	2184	8	41	1	90	51	6	118	0	41	1	3
50	11	2172	19	39	1	89	50	11	113	0	39	1	6
54	8	2184	9	41	0	85	54	8	114	0	41	0	3
50	10	2191	21	36	1	72	50	10	119	0	36	1	4
51	9	2191	11	38	1	80	51	9	117	0	38	1	4
51	8	2192	12	40	1	77	51	8	117	0	40	1	3
34	5	2204	7	42	1	88	34	5	134	0	42	1	4
36	2	2174	9	49	1	110	36	2	127	0	49	1	5
35	5	2202	20	41	0	78	35	5	135	0	41	0	4
52	9	2183	16	39	1	81	52	9	115	0	39	1	4
53	7	2188	9	39	2	83	53	7	115	0	39	2	4
52	8	2189	11	42	1	78	52	8	114	0	42	1	3
54	8	2194	9	36	1	79	54	8	118	0	36	1	3
46	9	2185	19	41	2	79	46	9	118	0	41	2	4
32	4	2210	13	43	3	76	32	4	134	0	43	3	4
49	9	2193	13	36	1	80	49	9	121	0	36	1	4
50	11	2198	11	36	1	74	50	11	118	0	36	1	4
51	9	2187	11	39	0	84	51	9	118	0	39	0	3
45	12	2197	15	39	1	72	45	12	119	0	39	1	4
49	10	2187	8	38	1	88	49	10	118	0	38	1	4
31	2	2206	8	45	1	88	31	2	138	0	45	1	3
33	3	2215	10	44	1	75	33	3	136	0	44	1	3
51	9	2187	10	40	1	83	51	9	116	0	40	1	3
49	9	2196	16	37	1	73	49	9	120	0	37	1	4
33	5	2202	16	44	2	79	33	5	132	0	44	2	4
51	8	2197	10	38	1	76	51	8	116	0	38	1	6
34	3	2215	7	40	1	81	34	3	136	0	40	1	6
35	2	2206	8	45	1	84	35	2	134	0	45	1	3
47	8	2194	12	36	1	83	47	8	124	0	36	1	4
31	3	2212	0	45	0	90	31	3	137	0	45	0	4
28	4	2198	5	46	0	100	28	4	137	0	46	0	5
53	7	2180	12	38	1	90	53	7	117	0	38	1	4
51	7	2204	9	37	2	71	51	7	119	0	37	2	4
51	9	2183	14	39	1	84	51	9	116	0	39	1	4
49	8	2200	9	36	1	78	49	8	120	0	36	1	6
49	10	2193	17	38	1	73	49	10	119	0	38	1	3
47	12	2176	26	42	0	78	47	12	116	0	42	0	3
36	2	2226	6	41	1	69	36	2	135	0	41	1	5
22	6	2190	19	43	2	99	22	6	144	0	43	2	3
53	9	2175	13	40	1	90	53	9	114	0	40	1	3
51	9	2179	12	36	1	93	51	9	120	0	36	1	3
35	4	2197	18	44	2	81	35	4	132	0	44	2	3
45	12	2182	23	37	1	81	45	12	122	0	37	1	3
51	8	2179	12	42	1	88	51	8	115	0	42	1	3
53	8	2178	8	38	1	95	53	8	114	0	38	1	6
47	9	2195	12	38	1	79	47	9	122	0	38	1	3
36	20	1681	492	31	26	95	36	20	80	14	31	26	13
44	11	2189	13	40	0	84	44	11	122	0	40	0	3
53	9	2194	12	37	0	76	53	9	118	0	37	0	3
54	6	2187	9	41	1	83	54	6	115	0	41	1	3
53	9	2192	7	33	1	86	53	9	117	0	33	1	7
50	8	2205	11	39	1	67	50	8	119	0	39	1	3
47	14	2170	25	39	1	85	47	14	116	0	39	1	3
50	10	2192	8	36	1	84	50	10	120	0	36	1	3
50	9	2179	14	36	1	92	50	9	118	0	36	1	6
54	8	2176	10	40	1	92	54	8	113	0	40	1	4
51	9	2188	11	38	1	83	51	9	118	0	38	1	3
47	8	2198	10	43	1	74	47	8	118	0	43	1	3
50	10	2191	10	41	1	78	50	10	114	0	41	1	4
35	3	2197	0	47	0	99	35	3	132	0	47	0	3
51	10	2185	15	36	1	83	51	10	117	0	36	1	5
44	11	2181	17	38	2	88	44	11	121	0	38	2	4
51	9	2201	11	38	1	70	51	9	116	0	38	1	5
51	8	2180	12	38	1	91	51	8	118	0	38	1	4
49	10	2177	14	37	0	94	49	10	120	0	37	0	4
53	9	2193	9	37	1	79	53	9	117	0	37	1	3
51	7	2203	9	38	1	72	51	7	120	0	38	1	3
47	9	2185	12	42	2	84	47	9	117	0	42	2	3
51	10	2183	9	39	1	88	51	10	115	0	39	1	4
50	9	2154	29	36	2	101	50	9	119	0	36	2	4
53	9	2185	10	38	0	86	53	9	116	0	38	0	4
50	10	2185	15	39	1	81	50	10	117	0	39	1	3
51	9	2174	17	38	1	91	51	9	116	0	38	1	5
34	6	2188	17	42	2	92	34	6	131	0	42	2	5
49	10	2192	13	39	2	76	49	10	117	0	39	2	3
48	10	2189	15	37	1	81	48	10	120	0	37	1	4
34	4	2193	7	45	1	97	34	4	133	0	45	1	3
35	3	2191	11	44	1	96	35	3	131	0	44	1	6
48	11	2182	17	38	1	84	48	11	118	0	38	1	4
50	10	2194	12	38	1	76	50	10	118	0	38	1	3
48	8	2184	7	37	1	96	48	8	120	0	37	1	6
52	10	2195	12	40	1	71	52	10	113	0	40	1	4
51	8	2193	12	38	1	78	51	8	117	0	38	1	5
46	11	2187	17	36	1	83	46	11	123	0	36	1	3
48	7	2203	10	38	1	74	48	7	121	0	38	1	5
53	7	2184	12	37	1	87	53	7	118	0	37	1	4
51	8	2195	10	38	1	78	51	8	117	0	38	1	5
50	8	2172	10	42	1	98	50	8	115	0	42	1	4
52	9	2185	14	38	1	82	52	9	116	0	38	1	4
52	9	2198	7	36	1	78	52	9	118	0	36	1	4
47	10	2201	11	34	1	77	47	10	124	0	34	1	4
37	3	2211	8	43	1	78	37	3	132	0	43	1	4
47	7	2182	9	39	2	95	47	7	122	0	39	2	3
51	7	2186	9	43	1	84	51	7	115	0	43	1	3
47	9	2193	14	40	1	77	47	9	119	0	40	1	4
51	9	2177	15	36	1	92	51	9	117	0	36	1	6
49	12	2173	18	39	1	89	49	12	115	0	39	1	4
52	9	2169	10	40	1	100	52	9	115	0	40	1	3
53	9	2192	10	37	1	79	53	9	116	0	37	1	4
50	11	2177	12	40	1	90	50	11	115	0	40	1	3
47	9	2203	8	39	1	74	47	9	121	0	39	1	3
34	3	2198	8	47	0	91	34	3	133	0	47	0	3
53	9	2189	15	37	1	77	53	9	117	0	37	1	3
53	6	2194	7	41	0	80	53	6	117	0	41	0	3
46	12	2181	19	39	1	83	46	12	119	0	39	1	3
39	5	2193	9	42	1	92	39	5	129	0	42	1	4
50	8	2195	6	39	1	82	50	8	119	0	39	1	3
50	8	2184	24	39	1	75	50	8	119	0	39	1	3
47	11	2179	23	39	1	81	47	11	119	0	39	1	3
36	1	2199	0	44	0	101	36	1	135	0	44	0	4
46	8	2188	16	40	2	81	46	8	120	0	40	2	4
50	9	2197	11	39	1	74	50	9	117	0	39	1	4
49	7	2197	12	38	1	77	49	7	120	0	38	1	5
49	10	2204	10	40	2	66	49	10	116	0	40	2	3
53	8	2183	10	37	0	90	53	8	119	0	37	0	3
49	11	2163	17	41	3	97	49	11	113	0	41	3	3
52	8	2183	11	39	1	87	52	8	116	0	39	1	4
51	11	2168	18	38	1	94	51	11	115	0	38	1	4
53	9	2184	10	39	2	84	53	9	113	0	39	2	4
49	11	2166	17	41	1	96	49	11	115	0	41	1	3
51	8	2186	10	42	1	83	51	8	114	0	42	1	4
52	9	2192	10	38	1	79	52	9	116	0	38	1	4
51	9	2197	6	39	0	79	51	9	117	0	39	0	4
52	8	2183	11	38	1	88	52	8	118	0	38	1	3
49	9	2170	20	40	2	91	49	9	117	0	40	2	3
52	9	2194	10	43	1	72	52	9	112	0	43	1	3
48	13	2193	7	41	2	77	48	13	112	0	41	2	4
54	8	2199	8	36	1	75	54	8	118	0	36	1	3
49	9	2173	20	40	2	88	49	9	117	0	40	2	3
51	9	2204	8	37	1	71	51	9	119	0	37	1	3
51	11	2198	11	39	1	70	51	11	114	0	39	1	4
37	3	2210	7	44	1	79	37	3	132	0	44	1	3
32	6	2174	25	44	3	97	32	6	130	0	44	3	5
53	8	2185	10	38	1	86	53	8	117	0	38	1	3
48	8	2183	11	39	2	90	48	8	120	0	39	2	3
52	9	2193	16	40	2	69	52	9	113	0	40	2	4
48	8	2182	11	38	1	93	48	8	121	0	38	1	4
50	9	2186	13	39	1	83	50	9	118	0	39	1	3
36	3	2200	7	44	1	90	36	3	133	0	44	1	3
49	10	2189	12	37	2	82	49	10	118	0	37	2	4
48	9	2189	19	41	1	74	48	9	117	0	41	1	4
52	7	2180	12	40	1	89	52	7	117	0	40	1	3
50	8	2197	11	41	1	73	50	8	117	0	41	1	3
48	8	2187	10	39	1	88	48	8	120	0	39	1	4
51	8	2183	10	38	1	90	51	8	118	0	38	1	4
49	11	2187	18	39	1	76	49	11	117	0	39	1	3
50	11	2171	17	40	1	91	50	11	113	0	40	1	5
35	3	2193	8	45	1	96	35	3	133	0	45	1	3
50	7	2194	11	37	1	81	50	7	120	0	37	1	5
52	9	2178	19	38	1	84	52	9	117	0	38	1	3
45	9	2184	12	36	1	94	45	9	126	0	36	1	3
51	10	2192	9	39	1	79	51	10	115	0	39	1	4
34	3	2216	0	47	0	81	34	3	133	0	47	0	3
52	7	2181	11	39	2	89	52	7	116	0	39	2	4
45	9	2192	17	40	1	77	45	9	122	0	40	1	3
50	11	2189	15	38	1	77	50	11	117	0	38	1	3
50	9	2193	11	39	1	78	50	9	118	0	39	1	3
50	9	2181	13	39	1	88	50	9	118	0	39	1	3
53	7	2187	12	36	1	85	53	7	120	0	36	1	3
50	9	2182	20	40	2	78	50	9	116	0	40	2	3
31	4	2216	7	44	1	78	31	4	136	0	44	1	4
49	11	2197	10	41	1	72	49	11	115	0	41	1	3
24	3	2221	10	42	1	80	24	3	147	0	42	1	3
51	10	2186	14	39	1	80	51	10	116	0	39	1	3
50	10	2199	13	39	1	69	50	10	117	0	39	1	3
47	11	2166	29	40	2	86	47	11	116	1	40	2	3
49	9	2173	15	39	1	95	49	9	119	0	39	1	3
53	7	2200	10	40	0	71	53	7	116	0	40	0	4
52	8	2179	13	37	1	91	52	8	118	0	37	1	4
50	8	2194	10	39	1	79	50	8	119	0	39	1	3
50	10	2181	17	42	2	79	50	10	112	0	42	2	4
53	8	2177	11	41	1	90	53	8	114	0	41	1	3
51	8	2187	16	36	1	82	51	8	121	0	36	1	3
51	9	2179	19	38	1	84	51	9	115	0	38	1	6
47	8	2206	8	40	1	71	47	8	121	0	40	1	3
47	7	2191	10	42	1	83	47	7	119	0	42	1	4
53	9	2183	10	38	1	87	53	9	116	0	38	1	3
51	9	2178	20	41	1	81	51	9	114	0	41	1	4
51	9	2178	17	40	1	85	51	9	114	0	40	1	5
20	41	459	1709	9	32	111	20	41	13	72	9	32	33
53	9	2188	10	36	1	84	53	9	117	0	36	1	4
49	9	2176	11	41	1	94	49	9	115	0	41	1	5
52	8	2197	8	33	1	82	52	8	120	0	33	1	6
50	6	2180	11	41	0	93	50	6	119	0	41	0	4
51	10	2189	11	35	1	84	51	10	120	0	35	1	3
51	6	2187	11	41	1	84	51	6	116	0	41	1	5
48	7	2210	11	39	1	65	48	7	122	0	39	1	3
45	10	2181	14	41	1	89	45	10	120	0	41	1	3
48	7	2189	14	39	1	83	48	7	122	0	39	1	3
51	9	2184	8	38	1	90	51	9	118	0	38	1	3
50	9	2190	10	38	1	83	50	9	119	0	38	1	3
45	9	2192	7	39	0	89	45	9	121	0	39	0	6
49	8	2200	10	36	1	77	49	8	123	0	36	1	3
50	11	2185	10	37	1	87	50	11	118	0	37	1	3
50	9	2194	10	42	1	75	50	9	115	0	42	1	3
51	8	2185	9	41	1	86	51	8	116	0	41	1	3
47	6	2198	8	41	1	80	47	6	120	0	41	1	5
50	10	2192	14	40	1	74	50	10	116	0	40	1	3
33	2	2205	2	47	0	92	33	2	134	0	47	0	4
52	8	2197	9	40	0	75	52	8	116	0	40	0	4
50	11	2175	19	39	2	85	50	11	115	0	39	2	3
49	7	2206	9	39	1	70	49	7	121	0	39	1	3
46	8	2197	19	40	1	70	46	8	122	0	40	1	3
29	4	2213	7	46	1	81	29	4	136	0	46	1	4
46	9	2209	10	38	1	68	46	9	122	0	38	1	4
53	8	2182	6	40	0	92	53	8	116	0	40	0	3
42	10	2179	22	38	1	89	42	10	126	0	38	1	3
50	10	2194	13	36	1	77	50	10	118	0	36	1	5
45	9	2192	12	42	1	80	45	9	119	0	42	1	4
52	7	2193	9	39	1	80	52	7	118	0	39	1	3
33	5	2185	18	44	2	94	33	5	132	0	44	2	4
53	7	2198	9	37	1	76	53	7	119	0	37	1	3
36	3	2197	10	43	2	90	36	3	132	0	43	2	4
53	9	2181	14	42	1	81	53	9	112	0	42	1	3
50	9	2193	9	38	1	81	50	9	119	0	38	1	3
47	13	2188	21	34	1	77	47	13	121	0	34	1	4
49	10	2193	13	38	0	78	49	10	118	1	38	0	4
34	3	2202	9	44	1	88	34	3	134	0	44	1	4
53	9	2183	13	35	0	88	53	9	115	0	35	0	8
54	8	2189	10	38	1	81	54	8	116	0	38	1	3
22	4	2199	11	45	0	100	22	4	145	0	45	0	4
36	3	2209	8	44	1	80	36	3	132	0	44	1	4
53	7	2188	8	40	1	84	53	7	115	0	40	1	4
35	3	2193	15	47	1	87	35	3	131	0	47	1	3
49	7	2179	11	41	1	93	49	7	119	0	41	1	3
45	10	2182	22	42	2	78	45	10	118	0	42	2	3
51	10	2186	17	37	2	78	51	10	116	0	37	2	4
51	10	2194	8	36	0	82	51	10	118	0	36	0	5
47	13	2166	24	39	1	91	47	13	117	0	39	1	3
36	3	2204	7	42	1	88	36	3	134	0	42	1	4
49	10	2183	16	38	1	84	49	10	118	0	38	1	4
52	10	2185	18	39	1	76	52	10	114	0	39	1	4
50	8	2181	10	39	2	91	50	8	113	0	39	2	8
50	10	2180	13	37	1	90	50	10	118	0	37	1	4
50	10	2178	19	39	2	83	50	10	116	0	39	2	3
50	7	2207	8	38	0	71	50	7	120	0	38	0	5
37	3	2194	8	43	1	95	37	3	131	0	43	1	5
53	7	2181	10	41	2	87	53	7	113	0	41	2	4
48	8	2193	8	41	1	82	48	8	119	0	41	1	3
52	8	2181	12	39	0	89	52	8	118	0	39	0	3
45	10	2201	10	36	0	79	45	10	123	0	36	0	6
48	10	2188	10	36	1	88	48	10	121	0	36	1	4
51	10	2197	17	37	1	68	51	10	118	0	37	1	3
49	11	2190	18	40	1	72	49	11	116	0	40	1	3
50	9	2197	13	33	1	78	50	9	122	0	33	1	5
49	10	2179	13	41	2	87	49	10	113	0	41	2	5
51	10	2191	11	35	0	83	51	10	119	0	35	0	5
48	10	2194	12	42	1	74	48	10	116	0	42	1	3
52	8	2194	10	39	1	77	52	8	115	0	39	1	5
51	10	2174	20	40	1	85	51	10	114	0	40	1	4
54	8	2180	10	37	1	91	54	8	117	0	37	1	3
50	10	2174	16	39	1	91	50	10	117	0	39	1	3
50	9	2181	18	39	1	83	50	9	117	0	39	1	4
32	3	2212	6	46	1	81	32	3	134	0	46	1	4
47	7	2208	11	39	1	68	47	7	123	0	39	1	3
48	8	2174	14	39	3	95	48	8	117	0	39	3	5
54	8	2190	11	38	1	79	54	8	115	0	38	1	4
52	8	2204	6	34	1	76	52	8	119	0	34	1	6
54	8	2180	11	42	1	85	54	8	112	0	42	1	3
51	8	2186	10	38	1	87	51	8	118	0	38	1	4
49	10	2184	19	40	1	78	49	10	116	0	40	1	4
48	9	2184	11	40	1	88	48	9	118	1	40	1	3
50	10	2190	11	38	2	80	50	10	116	0	38	2	4
47	8	2186	12	40	1	87	47	8	121	0	40	1	3
50	7	2199	11	39	1	74	50	7	120	0	39	1	3
47	8	2171	14	41	1	99	47	8	119	0	41	1	4
52	8	2164	14	38	2	103	52	8	116	0	38	2	4
54	8	2183	13	37	1	85	54	8	116	0	37	1	4
47	8	2188	10	39	2	87	47	8	120	0	39	2	4
49	8	2188	6	40	2	88	49	8	118	0	40	2	3
21	5	2215	8	44	1	87	21	5	146	0	44	1	3
47	7	2195	9	38	1	84	47	7	123	0	38	1	4
48	13	2178	26	36	2	78	48	13	118	0	36	2	3
49	7	2197	9	39	2	78	49	7	120	0	39	2	3
50	10	2199	11	38	1	72	50	10	118	0	38	1	3
46	7	2205	8	36	1	78	46	7	126	0	36	1	4
52	8	2185	11	39	1	85	52	8	116	0	39	1	4
51	9	2176	18	35	1	91	51	9	120	0	35	1	4
51	8	2188	7	40	1	86	51	8	117	0	40	1	3
52	8	2199	8	38	1	75	52	8	118	0	38	1	3
49	11	2192	14	36	1	78	49	11	119	0	36	1	4
51	9	2197	11	37	1	75	51	9	117	0	37	1	5
50	10	2184	17	38	1	81	50	10	118	0	38	1	3
45	11	2176	16	46	1	86	45	11	114	0	46	1	3
34	6	2200	11	41	2	87	34	6	133	0	41	2	4
50	9	2184	13	41	1	83	50	9	115	0	41	1	4
51	8	2199	10	37	1	75	51	8	120	0	37	1	3
36	3	2200	13	40	2	87	36	3	134	0	40	2	5
27	3	2217	10	45	1	78	27	3	141	0	45	1	3
53	9	2183	11	38	1	86	53	9	116	0	38	1	3
36	3	2209	8	47	1	77	36	3	130	0	47	1	3
49	10	2189	16	39	1	77	49	10	117	0	39	1	4
36	4	2191	13	44	0	93	36	4	131	0	44	0	5
32	4	2215	5	47	1	77	32	4	132	0	47	1	4
51	8	2179	12	38	0	93	51	8	119	0	38	0	4
36	3	2210	7	42	1	82	36	3	135	0	42	1	3
52	10	2168	20	37	1	93	52	10	117	0	37	1	3
52	10	2177	15	38	1	88	52	10	115	0	38	1	4
52	9	2196	11	36	1	76	52	9	119	0	36	1	3
48	9	2197	10	40	1	76	48	9	118	0	40	1	4
27	2	2217	7	44	1	83	27	2	142	0	44	1	4
51	9	2199	11	39	1	71	51	9	115	0	39	1	5
53	8	2184	16	38	1	81	53	8	116	1	38	1	3
47	8	2194	11	38	1	82	47	8	121	0	38	1	5
49	7	2197	12	38	1	77	49	7	122	0	38	1	3
50	9	2180	18	40	1	83	50	9	116	0	40	1	4
52	8	2190	12	42	1	76	52	8	114	0	42	1	3
52	9	2185	11	39	1	84	52	9	114	0	39	1	5
49	11	2195	13	38	1	74	49	11	118	0	38	1	3
51	11	2181	15	38	1	84	51	11	116	0	38	1	3
48	8	2192	8	42	1	82	48	8	118	0	42	1	3
50	10	2187	7	45	2	80	50	10	110	0	45	2	3
50	10	2187	10	39	1	84	50	10	116	0	39	1	4
49	7	2182	10	41	0	92	49	7	120	0	41	0	3
46	8	2203	10	39	0	75	46	8	124	0	39	0	3
46	12	2194	9	39	0	81	46	12	118	0	39	0	5
50	8	2189	9	40	1	84	50	8	118	0	40	1	3
50	9	2192	9	38	1	82	50	9	119	0	38	1	3
48	14	2189	16	35	3	76	48	14	115	0	35	3	5
52	9	2190	9	41	1	79	52	9	114	0	41	1	3
33	4	2208	7	44	1	84	33	4	133	0	44	1	5
34	5	2203	14	46	1	78	34	5	129	0	46	1	5
46	9	2202	9	38	1	76	46	9	123	0	38	1	3
52	8	2183	10	38	2	88	52	8	115	0	38	2	5
51	9	2186	7	42	1	85	51	9	114	0	42	1	3
35	5	2197	14	46	1	83	35	5	129	0	46	1	4
52	9	2185	11	42	1	81	52	9	113	0	42	1	3
43	7	2188	11	40	1	91	43	7	126	0	40	1	3
36	4	2222	8	41	1	69	36	4	133	0	41	1	5
46	9	2190	7	41	1	87	46	9	119	0	41	1	4
53	8	2171	7	42	1	99	53	8	113	0	42	1	3
44	8	2181	15	41	1	91	44	8	123	0	41	1	3
51	10	2192	10	38	1	79	51	10	117	0	38	1	3
50	9	2181	23	40	1	77	50	9	116	0	40	1	4
52	7	2178	8	44	1	91	52	7	112	0	44	1	4
48	9	2200	11	36	1	76	48	9	123	0	36	1	3
51	9	2193	8	35	1	84	51	9	119	0	35	1	5
52	8	2196	10	36	2	77	52	8	119	0	36	2	3
53	8	2202	8	39	1	70	53	8	115	0	39	1	4
50	9	2181	13	39	1	88	50	9	118	0	39	1	3
44	8	2194	8	37	1	89	44	8	126	0	37	1	4
53	7	2177	8	37	1	98	53	7	118	0	37	1	4
49	8	2183	8	41	2	90	49	8	117	0	41	2	3
50	8	2201	10	37	2	73	50	8	120	0	37	2	3
53	7	2186	13	40	1	81	53	7	116	0	40	1	3
48	9	2190	8	38	0	88	48	9	121	0	38	0	4
23	3	2210	7	46	1	91	23	3	144	0	46	1	3
37	3	2217	10	40	1	73	37	3	135	0	40	1	4
53	8	2181	10	43	0	86	53	8	112	0	43	0	4
34	5	2203	7	47	1	84	34	5	130	0	47	1	3
50	9	2192	21	42	0	67	50	9	114	0	42	0	5
47	7	2179	18	48	2	80	47	7	113	0	48	2	3
51	9	2196	11	36	1	77	51	9	119	0	36	1	4
52	8	2195	11	37	1	77	52	8	119	0	37	1	3
48	9	2194	14	39	2	75	48	9	119	0	39	2	3
52	8	2195	12	39	1	74	52	8	116	0	39	1	4
49	12	2188	7	37	1	87	49	12	117	0	37	1	4
52	10	2187	14	37	1	80	52	10	116	0	37	1	4
34	4	2205	11	44	2	81	34	4	133	0	44	2	3
35	4	2199	2	46	0	95	35	4	130	0	46	0	5
53	6	2191	8	42	0	81	53	6	115	0	42	0	4
48	10	2188	12	37	1	85	48	10	120	0	37	1	4
52	8	2178	6	40	1	96	52	8	116	0	40	1	3
50	9	2187	8	35	1	91	50	9	119	0	35	1	6
52	9	2203	12	37	1	67	52	9	118	0	37	1	3
51	11	2186	21	37	1	74	51	11	117	0	37	1	3
51	8	2194	8	38	1	81	51	8	118	0	38	1	4
48	11	2186	17	38	1	80	48	11	119	0	38	1	3
23	3	2231	8	43	1	72	23	3	146	0	43	1	4
50	8	2209	8	38	1	67	50	8	119	0	38	1	4
49	11	2183	21	39	0	78	49	11	117	1	39	0	3
52	9	2192	13	39	1	75	52	9	116	0	39	1	3
43	12	2185	20	35	2	84	43	12	124	0	35	2	4
33	3	2206	10	41	1	87	33	3	139	0	41	1	3
54	8	2194	15	39	1	70	54	8	115	0	39	1	3
44	9	2183	20	39	1	85	44	9	123	0	39	1	4
51	9	2198	8	37	1	77	51	9	117	0	37	1	5
30	4	2186	19	45	3	94	30	4	135	0	45	3	3
49	9	2189	9	37	0	88	49	9	121	0	37	0	4
45	8	2188	12	42	1	85	45	8	121	0	42	1	3
49	11	2194	17	34	1	75	49	11	119	0	34	1	6
53	9	2181	18	39	1	80	53	9	115	0	39	1	3
34	4	2196	8	46	0	93	34	4	133	0	46	0	3
43	10	2186	23	40	5	74	43	10	118	0	40	5	4
50	8	2201	9	38	2	73	50	8	118	0	38	2	4
49	10	2194	11	38	1	78	49	10	119	0	38	1	3
49	12	2180	23	36	1	80	49	12	118	0	36	1	4
52	7	2182	10	40	1	89	52	7	117	0	40	1	3
51	7	2182	11	41	0	89	51	7	117	0	41	0	4
53	7	2197	7	38	1	78	53	7	118	0	38	1	3
41	18	1703	484	31	22	82	41	18	82	13	31	22	13
52	9	2181	14	39	1	85	52	9	115	0	39	1	4
50	10	2194	14	38	1	74	50	10	116	0	38	1	5
49	8	2189	13	38	1	83	49	8	121	0	38	1	3
49	8	2191	8	40	0	85	49	8	117	0	40	0	6
24	1	2222	2	46	0	86	24	1	145	0	46	0	4
51	9	2184	11	43	1	82	51	9	113	0	43	1	3
53	7	2200	8	38	1	74	53	7	118	0	38	1	3
51	9	2180	12	37	1	91	51	9	118	0	37	1	4
48	13	2183	25	39	2	71	48	13	113	0	39	2	5
52	8	2187	9	38	1	86	52	8	117	0	38	1	4
48	6	2197	10	39	1	80	48	6	122	0	39	1	4
46	9	2201	10	35	1	79	46	9	125	0	35	1	4
46	6	2209	7	39	1	73	46	6	125	0	39	1	3
49	10	2192	18	38	3	71	49	10	117	0	38	3	3
50	10	2190	11	37	1	82	50	10	118	0	37	1	4
51	8	2203	7	38	1	73	51	8	118	0	38	1	4
49	10	2192	17	40	1	72	49	10	117	0	40	1	3
49	9	2205	10	36	1	71	49	9	121	0	36	1	4
50	9	2203	9	36	1	73	50	9	120	0	36	1	4
52	8	2189	9	39	1	83	52	8	117	0	39	1	3
49	9	2196	12	39	1	75	49	9	118	0	39	1	4
54	7	2198	10	39	1	72	54	7	116	0	39	1	3
30	3	2216	7	42	1	82	30	3	141	0	42	1	3
27	2	2205	7	46	2	92	27	2	139	0	46	2	4
50	11	2179	17	39	0	85	50	11	116	1	39	0	3
47	10	2169	16	38	2	99	47	10	119	0	38	2	4
51	10	2174	10	38	1	97	51	10	116	0	38	1	4
51	10	2181	18	39	1	81	51	10	116	0	39	1	3
49	10	2195	12	37	2	76	49	10	119	0	37	2	3
53	8	2194	9	37	1	79	53	8	117	0	37	1	4
45	8	2202	14	38	2	72	45	8	123	0	38	2	4
47	8	2197	8	39	0	82	47	8	121	0	39	0	5
47	7	2192	11	38	1	85	47	7	124	0	38	1	3
37	3	2189	6	48	1	97	37	3	127	0	48	1	4
32	5	2182	20	48	2	92	32	5	129	0	48	2	4
50	11	2175	20	39	2	84	50	11	115	0	39	2	3
50	9	2190	13	38	1	80	50	9	118	0	38	1	4
45	11	2181	13	41	1	89	45	11	118	0	41	1	4
52	10	2183	9	40	1	86	52	10	114	0	40	1	3
49	10	2184	18	37	3	80	49	10	117	0	37	3	4
23	2	2224	7	44	2	79	23	2	146	0	44	2	3
52	7	2205	10	36	1	70	52	7	117	0	36	1	7
54	8	2175	11	39	1	93	54	8	114	0	39	1	4
52	10	2192	12	39	1	75	52	10	114	0	39	1	4
47	9	2201	10	37	2	75	47	9	122	0	37	2	3
25	3	2214	8	41	1	89	25	3	146	0	41	1	4
50	8	2199	10	38	1	75	50	8	120	0	38	1	3
53	7	2184	8	38	1	90	53	7	117	0	38	1	4
48	7	2192	13	37	1	83	48	7	123	0	37	1	4
47	9	2201	13	39	1	71	47	9	121	0	39	1	3
48	8	2193	10	38	1	83	48	8	120	0	38	1	5
50	10	2183	17	41	1	79	50	10	114	0	41	1	4
51	8	2193	11	36	1	81	51	8	121	0	36	1	3
51	10	2196	16	36	0	72	51	10	119	0	36	0	4
52	10	2178	19	42	1	79	52	10	112	0	42	1	3
45	7	2203	11	40	1	74	45	7	123	0	40	1	4
53	9	2187	12	36	0	84	53	9	116	1	36	0	5
50	9	2177	7	37	1	100	50	9	119	0	37	1	4
44	8	2193	10	37	1	88	44	8	126	0	37	1	4
35	2	2216	0	43	0	85	35	2	135	0	43	0	5
50	9	2182	9	39	1	91	50	9	116	0	39	1	5
46	9	2192	11	38	1	84	46	9	123	0	38	1	3
50	11	2185	19	38	1	77	50	11	116	0	38	1	4
31	5	2196	23	41	2	83	31	5	138	0	41	2	3
30	3	2221	9	42	1	75	30	3	141	0	42	1	3
43	8	2197	12	37	2	82	43	8	125	0	37	2	5
52	7	2198	10	38	1	75	52	7	119	0	38	1	3
48	11	2185	12	37	1	87	48	11	118	0	37	1	5
52	9	2184	13	39	1	83	52	9	114	0	39	1	5
50	10	2180	15	34	2	90	50	10	118	0	34	2	6
52	9	2209	12	35	2	62	52	9	118	0	35	2	4
51	10	2180	20	40	2	78	51	10	114	0	40	2	3
33	4	2199	9	49	0	87	33	4	130	0	49	0	4
25	4	2210	14	45	1	82	25	4	142	0	45	1	3
53	7	2196	10	37	1	77	53	7	118	0	37	1	4
50	7	2191	13	38	1	81	50	7	120	0	38	1	4
34	4	2201	7	42	1	92	34	4	135	0	42	1	4
51	8	2181	9	41	1	90	51	8	116	0	41	1	3
33	4	2210	9	43	1	81	33	4	136	0	43	1	3
34	4	2215	2	48	0	78	34	4	128	0	48	0	6
50	10	2193	13	35	1	79	50	10	119	0	35	1	5
47	11	2195	19	37	1	71	47	11	121	0	37	1	3
51	9	2179	10	37	2	93	51	9	118	0	37	2	3
50	9	2174	7	42	1	98	50	9	114	0	42	1	4
47	7	2166	11	38	1	111	47	7	124	0	38	1	3
50	10	2190	9	39	1	82	50	10	117	0	39	1	3
46	10	2180	18	39	2	86	46	10	120	0	39	2	3
54	8	2192	8	39	1	79	54	8	115	0	39	1	3
50	10	2207	9	34	1	70	50	10	120	0	34	1	5
54	8	2189	12	39	1	78	54	8	114	0	39	1	4
48	8	2180	11	42	1	91	48	8	118	0	42	1	3
51	10	2180	10	40	0	90	51	10	115	0	40	0	4
51	8	2193	10	36	1	82	51	8	120	0	36	1	4
51	11	2180	11	41	3	84	51	11	111	0	41	3	3
18	9	1661	525	39	32	97	18	9	97	14	39	32	11
48	11	2160	28	40	2	92	48	11	116	0	40	2	3
52	8	2199	7	40	2	73	52	8	115	0	40	2	3
46	9	2193	11	39	1	82	46	9	122	0	39	1	3
48	12	2187	18	36	0	80	48	12	120	1	36	0	3
47	10	2175	16	41	2	90	47	10	117	0	41	2	3
42	18	1683	490	33	25	90	42	18	77	14	33	25	11
53	9	2180	10	39	1	89	53	9	115	0	39	1	3
53	9	2188	10	37	1	83	53	9	115	0	37	1	5
50	10	2201	8	35	1	76	50	10	118	0	35	1	6
45	9	2190	15	38	1	83	45	9	124	0	38	1	3
51	8	2183	13	39	1	86	51	8	118	0	39	1	3
49	10	2192	19	36	1	74	49	10	120	0	36	1	4
49	10	2193	16	38	1	74	49	10	119	0	38	1	3
51	10	2199	8	38	1	74	51	10	116	0	38	1	4
46	9	2208	8	37	1	72	46	9	124	0	37	1	3
35	2	2199	0	48	0	97	35	2	131	0	48	0	4
48	8	2182	12	40	2	89	48	8	118	0	40	2	4
51	9	2181	9	38	2	91	51	9	117	0	38	2	3
51	10	2184	12	38	1	85	51	10	116	0	38	1	4
50	10	2198	16	39	1	67	50	10	117	0	39	1	3
53	6	2187	13	39	1	82	53	6	118	0	39	1	3
47	13	2181	24	34	1	81	47	13	119	0	34	1	6
51	8	2193	8	37	0	84	51	8	120	0	37	0	4
49	10	2160	12	42	1	107	49	10	113	0	42	1	5
49	8	2196	14	36	1	77	49	8	122	0	36	1	4
50	8	2187	15	39	1	81	50	8	118	0	39	1	4
52	7	2178	7	41	1	95	52	7	115	0	41	1	4
47	7	2191	9	36	1	90	47	7	123	0	36	1	6
52	8	2181	10	40	1	89	52	8	116	0	40	1	3
36	3	2219	11	40	1	71	36	3	136	0	40	1	4
48	9	2190	10	37	1	86	48	9	120	0	37	1	5
47	8	2203	11	39	1	72	47	8	122	0	39	1	3
43	9	2199	12	38	1	79	43	9	125	0	38	1	4
51	10	2190	12	37	1	80	51	10	118	0	37	1	3
50	10	2168	20	38	1	94	50	10	118	0	38	1	3
48	9	2182	10	39	1	92	48	9	120	0	39	1	3
48	7	2197	9	36	1	83	48	7	124	0	36	1	4
51	11	2185	18	39	1	76	51	11	114	0	39	1	4
41	9	2177	21	38	2	93	41	9	124	0	38	2	6
51	7	2184	8	40	1	90	51	7	116	0	40	1	5
34	3	2195	14	46	1	88	34	3	132	0	46	1	4
50	8	2184	9	42	1	87	50	8	115	0	42	1	4
52	9	2181	13	41	1	84	52	9	113	0	41	1	4
30	3	2196	6	47	0	99	30	3	137	0	47	0	3
52	10	2181	10	36	0	92	52	10	118	0	36	0	4
51	8	2198	15	39	1	69	51	8	118	0	39	1	3
51	9	2184	14	36	1	86	51	9	119	0	36	1	4
34	4	2193	12	45	1	92	34	4	133	0	45	1	3
51	9	2179	12	39	1	90	51	9	117	0	39	1	3
36	3	2198	9	45	1	89	36	3	131	0	45	1	4
50	11	2160	24	38	2	96	50	11	115	0	38	2	4
44	13	2182	20	41	2	79	44	13	117	0	41	2	3
50	10	2194	11	41	1	74	50	10	115	0	41	1	3
48	11	2178	18	36	1	89	48	11	121	0	36	1	3
52	8	2197	8	38	1	77	52	8	117	0	38	1	4
51	8	2175	9	41	1	96	51	8	115	0	41	1	4
52	9	2185	12	37	1	85	52	9	118	0	37	1	3
51	8	2191	15	37	1	78	51	8	120	0	37	1	3
49	10	2184	9	38	1	90	49	10	119	0	38	1	3
52	9	2187	15	39	0	79	52	9	114	0	39	0	6
32	5	2191	19	46	1	87	32	5	133	0	46	1	3
35	4	2199	7	42	1	93	35	4	134	0	42	1	4
50	8	2178	9	39	1	96	50	8	116	0	39	1	6
53	8	2187	9	38	1	85	53	8	115	0	38	1	5
30	3	2202	2	44	0	100	30	3	138	0	44	0	5
53	6	2184	7	36	1	94	53	6	119	0	36	1	5
49	12	2167	16	36	1	100	49	12	117	0	36	1	5
50	9	2197	10	37	1	77	50	9	120	0	37	1	3
35	4	2201	10	45	1	85	35	4	132	0	45	1	3
50	11	2171	16	38	1	94	50	11	116	0	38	1	4
50	10	2180	17	38	1	85	50	10	117	0	38	1	4
33	4	2201	15	44	2	82	33	4	133	0	44	2	4
53	9	2191	10	38	0	80	53	9	116	0	38	0	4
49	10	2176	12	37	0	97	49	10	118	0	37	0	6
51	9	2193	13	37	1	77	51	9	118	0	37	1	4
51	9	2186	12	37	2	84	51	9	116	0	37	2	5
52	8	2197	13	38	0	73	52	8	116	1	38	0	5
50	7	2197	12	34	1	80	50	7	123	0	34	1	5
50	8	2197	8	40	1	77	50	8	117	0	40	1	4
52	9	2191	7	39	1	82	52	9	116	0	39	1	3
52	9	2196	10	38	1	75	52	9	117	0	38	1	3
35	1	2200	2	48	0	95	35	1	132	0	48	0	4
51	10	2200	19	36	1	64	51	10	118	0	36	1	4
45	9	2188	7	42	1	89	45	9	120	0	42	1	3
48	6	2205	11	39	1	71	48	6	122	0	39	1	4
45	8	2172	18	44	2	92	45	8	118	0	44	2	3
50	10	2185	16	41	0	79	50	10	116	0	41	0	3
49	12	2167	23	36	1	93	49	12	118	0	36	1	4
47	7	2187	15	41	2	82	47	7	119	0	41	2	4
53	7	2190	8	39	2	82	53	7	116	0	39	2	3
35	4	2212	10	45	1	74	35	4	132	0	45	1	3
