1119	9	20071	21	16	0	885	1119	9	304	0	16	0	8
1112	6	20110	25	13	0	855	1112	6	316	0	13	0	9
1094	9	20106	25	19	0	868	1094	9	328	0	19	0	6
1110	5	20112	26	17	0	851	1110	5	316	0	17	0	8
1102	5	20099	21	15	1	878	1102	5	327	0	15	1	6
1105	6	20067	22	18	0	903	1105	6	321	0	18	0	6
1107	7	20058	27	20	0	902	1107	7	317	0	20	0	5
1097	8	20138	25	13	0	840	1097	8	328	0	13	0	10
1122	6	20090	24	19	0	860	1122	6	303	0	19	0	6
1102	5	20118	28	17	0	851	1102	5	324	0	17	0	8
1091	9	20137	21	19	0	844	1091	9	332	0	19	0	5
1104	7	20168	24	16	0	802	1104	7	324	0	16	0	5
1118	7	20140	21	19	1	815	1118	7	305	0	19	1	6
1108	8	20155	47	18	0	785	1108	8	314	0	18	0	8
1116	4	20107	24	14	0	856	1116	4	317	0	14	0	5
1113	6	20119	22	20	0	841	1113	6	309	0	20	0	8
1116	7	20087	23	19	0	869	1116	7	310	0	19	0	4
1111	5	20102	19	17	0	867	1111	5	315	0	17	0	8
1107	5	20087	30	21	0	871	1107	5	316	0	21	0	7
1116	4	20117	22	21	0	841	1116	4	310	0	21	0	5
1105	6	20076	19	18	0	897	1105	6	321	0	18	0	6
1111	12	20117	25	16	0	840	1111	12	313	0	16	0	4
1115	7	20083	24	21	0	871	1115	7	305	0	21	0	8
1111	9	20121	17	21	0	842	1111	9	308	0	21	0	7
1112	5	20077	18	11	0	898	1112	5	319	0	11	0	9
1117	8	20059	23	16	0	898	1117	8	307	0	16	0	8
1106	7	20128	28	18	0	834	1106	7	315	0	18	0	10
1105	6	20084	20	21	0	885	1105	6	317	0	21	0	7
1112	5	20124	23	18	0	839	1112	5	318	0	18	0	3
1102	7	20131	31	15	0	835	1102	7	325	0	15	0	7
1104	7	20111	21	18	0	860	1104	7	320	0	18	0	7
1105	8	20148	24	17	0	819	1105	8	321	0	17	0	5
1130	6	20055	23	16	0	891	1130	6	299	0	16	0	5
1108	6	20061	29	17	0	900	1108	6	317	0	17	0	8
1103	4	20131	24	15	0	844	1103	4	326	0	15	0	8
1120	5	20107	24	20	0	845	1120	5	304	0	20	0	7
1098	7	20045	29	18	0	924	1098	7	326	1	18	0	6
1108	4	20056	27	18	0	908	1108	4	322	0	18	0	4
1109	5	20124	21	14	0	848	1109	5	321	0	14	0	7
1125	8	20066	32	16	0	874	1125	8	301	0	16	0	6
1111	5	20111	19	16	0	859	1111	5	318	0	16	0	6
1108	6	20134	24	19	0	830	1108	6	319	0	19	0	4
1120	6	20088	23	14	1	869	1120	6	309	0	14	1	6
1124	5	20049	22	17	0	904	1124	5	304	0	17	0	6
1108	7	20075	28	21	0	882	1108	7	311	1	21	0	8
1110	8	20086	20	18	0	879	1110	8	308	1	18	0	11
1121	7	20080	22	16	1	874	1121	7	302	0	16	1	9
1104	6	20096	25	21	0	869	1104	6	322	0	21	0	3
1107	7	20101	21	18	0	867	1107	7	319	0	18	0	5
1124	8	20022	27	15	0	925	1124	8	304	0	15	0	5
1110	5	20094	13	22	0	877	1110	5	315	0	22	0	4
1099	7	20132	20	18	0	845	1099	7	323	0	18	0	9
1114	5	20062	28	21	0	891	1114	5	311	0	21	0	5
1123	5	20099	23	18	0	853	1123	5	303	0	18	0	7
1112	5	20077	22	18	0	887	1112	5	314	0	18	0	7
1105	7	20115	16	16	0	862	1105	7	321	0	16	0	7
1124	6	20098	20	20	0	853	1124	6	301	0	20	0	5
1097	6	20122	18	17	0	861	1097	6	330	0	17	0	6
1107	7	20089	18	15	0	885	1107	7	322	0	15	0	5
1104	6	20096	27	18	0	870	1104	6	319	0	18	0	9
1107	5	20119	19	18	0	853	1107	5	317	0	18	0	9
1115	7	20109	19	18	0	853	1115	7	310	0	18	0	6
1113	6	20098	13	18	0	873	1113	6	311	0	18	0	8
1116	11	20065	21	18	0	890	1116	11	306	0	18	0	5
1108	3	20082	21	21	0	886	1108	3	316	0	21	0	8
1110	5	20092	18	19	0	877	1110	5	315	0	19	0	7
1097	5	20084	20	17	0	898	1097	5	332	0	17	0	5
1111	6	20133	25	18	0	828	1111	6	314	0	18	0	7
1115	4	20077	21	20	0	884	1115	4	312	1	20	0	4
1112	6	20054	29	18	0	902	1112	6	311	0	18	0	9
1117	6	20070	24	19	0	885	1117	6	308	0	19	0	6
1121	9	20094	26	20	0	851	1121	9	302	0	20	0	4
1109	8	20061	19	21	0	903	1109	8	312	0	21	0	6
1119	5	20106	19	25	0	847	1119	5	302	0	25	0	5
1102	7	20098	22	18	0	874	1102	7	321	0	18	0	8
1118	7	20081	30	15	0	870	1118	7	308	0	15	0	8
1124	12	20095	22	13	0	855	1124	12	299	0	13	0	8
1118	3	20149	23	16	0	812	1118	3	310	0	16	0	9
1109	8	20077	22	18	0	887	1109	8	316	0	18	0	5
1110	6	20099	24	18	0	864	1110	6	318	0	18	0	4
1114	5	20123	24	13	0	842	1114	5	317	0	13	0	7
1107	5	20100	37	15	0	857	1107	5	319	0	15	0	10
1110	7	20131	21	20	0	832	1110	7	310	0	20	0	9
1097	10	20165	23	19	0	807	1097	10	324	0	19	0	6
1113	3	20120	27	11	0	847	1113	3	322	0	11	0	7
1102	11	20111	27	19	0	851	1102	11	317	0	19	0	7
1123	8	20085	19	16	1	869	1123	8	302	0	16	1	6
1106	8	20129	21	16	0	841	1106	8	319	0	16	0	7
1124	4	20091	30	17	0	855	1124	4	305	0	17	0	6
1122	7	20093	27	18	0	854	1122	7	303	0	18	0	6
1107	8	20153	23	13	0	817	1107	8	317	0	13	0	11
1108	6	20109	17	18	1	862	1108	6	320	0	18	1	3
1103	9	20092	26	19	0	872	1103	9	322	0	19	0	3
1096	6	20086	30	18	0	885	1096	6	328	0	18	0	8
1112	5	20104	23	15	0	862	1112	5	317	0	15	0	7
1100	3	20117	22	15	0	864	1100	3	331	0	15	0	7
1101	3	20106	25	15	0	871	1101	3	331	0	15	0	6
1108	7	20091	15	17	0	883	1108	7	320	0	17	0	4
1115	5	20117	20	17	0	847	1115	5	310	0	17	0	9
1119	5	20079	23	18	0	877	1119	5	308	0	18	0	6
1115	7	20098	20	19	0	862	1115	7	309	0	19	0	6
1096	7	20129	23	20	0	846	1096	7	328	0	20	0	5
1106	4	20142	31	15	0	823	1106	4	326	0	15	0	5
1104	5	20071	31	21	0	889	1104	5	320	0	21	0	6
1109	8	20103	23	13	2	863	1109	8	317	0	13	2	7
1133	6	20037	23	17	0	905	1133	6	295	0	17	0	5
1103	8	20096	23	15	0	876	1103	8	324	0	15	0	6
1123	4	20129	24	18	0	823	1123	4	307	0	18	0	4
1104	5	20096	28	19	0	869	1104	5	322	0	19	0	6
1112	6	20115	27	16	0	845	1112	6	316	0	16	0	6
1116	10	20070	25	14	0	886	1116	10	308	0	14	0	8
1101	6	20062	20	15	0	917	1101	6	328	0	15	0	6
1113	10	20075	25	18	0	880	1113	10	312	0	18	0	3
1121	7	20059	25	17	0	892	1121	7	301	0	17	0	10
1116	5	20126	22	19	0	833	1116	5	309	0	19	0	7
1118	4	20106	20	21	0	852	1118	4	309	0	21	0	4
1104	5	20130	24	20	0	838	1104	5	322	0	20	0	5
1120	6	20096	21	19	0	859	1120	6	301	0	19	0	10
1115	8	20086	17	18	1	876	1115	8	305	0	18	1	9
1104	5	20108	23	17	0	864	1104	5	323	0	17	0	7
1116	5	20103	18	22	0	857	1116	5	308	0	22	0	5
1104	9	20079	28	22	0	879	1104	9	316	0	22	0	5
1125	5	20066	20	17	0	888	1125	5	303	0	17	0	6
1107	6	20089	24	18	0	877	1107	6	319	0	18	0	6
1119	6	20120	22	16	0	838	1119	6	308	0	16	0	7
1114	7	20185	25	18	0	772	1114	7	313	0	18	0	4
1105	7	20108	18	19	0	864	1105	7	318	0	19	0	7
1087	6	20121	31	14	0	862	1087	6	338	0	14	0	11
1110	8	20116	21	20	0	846	1110	8	314	0	20	0	4
1122	5	20098	29	17	0	850	1122	5	304	0	17	0	8
1116	7	20125	18	16	0	839	1116	7	309	0	16	0	8
1105	6	20137	18	19	0	836	1105	6	320	0	19	0	6
1109	8	20144	14	18	0	828	1109	8	314	0	18	0	7
1102	6	20136	27	15	0	835	1102	6	327	0	15	0	6
1123	6	20113	24	13	0	842	1123	6	305	0	13	0	9
1105	8	20037	23	17	0	931	1105	8	318	0	17	0	8
1114	8	20140	29	17	0	813	1114	8	313	0	17	0	4
1111	8	20108	30	22	0	842	1111	8	310	0	22	0	5
1108	5	20088	22	17	0	881	1108	5	320	0	17	0	6
1111	7	20107	27	22	0	847	1111	7	309	0	22	0	7
1114	6	20102	18	19	0	862	1114	6	311	0	19	0	6
1118	7	20051	24	21	0	900	1118	7	306	0	21	0	4
1122	7	20065	22	21	1	883	1122	7	300	0	21	1	5
1125	8	20086	21	17	0	864	1125	8	300	0	17	0	6
1098	10	20135	26	15	0	837	1098	10	324	0	15	0	9
1107	6	20096	26	18	0	868	1107	6	317	0	18	0	8
1116	8	20125	21	21	0	830	1116	8	307	0	21	0	4
1116	6	20082	22	13	0	882	1116	6	314	0	13	0	7
1109	7	20166	19	16	0	804	1109	7	319	0	16	0	5
1119	6	20111	29	18	0	838	1119	6	305	0	18	0	8
1123	5	20095	22	16	1	859	1123	5	303	0	16	1	8
1116	7	20100	29	16	0	853	1116	7	311	0	16	0	6
1102	6	20077	25	19	0	892	1102	6	325	0	19	0	4
1110	5	20045	26	19	0	916	1110	5	316	0	19	0	6
1110	5	20079	19	18	0	890	1110	5	318	0	18	0	5
1124	6	20084	21	20	0	866	1124	6	301	0	20	0	5
1114	7	20108	20	19	0	853	1114	7	313	0	19	0	3
1115	7	20112	28	17	0	842	1115	7	310	0	17	0	7
1117	5	20104	24	16	0	855	1117	5	312	0	16	0	6
1125	5	20095	21	19	0	856	1125	5	301	0	19	0	6
1120	4	20098	17	15	0	867	1120	4	312	0	15	0	5
1094	9	20136	27	23	1	831	1094	9	322	0	23	1	7
1107	7	20112	20	17	0	858	1107	7	320	0	17	0	5
1119	6	20129	22	18	0	827	1119	6	308	0	18	0	5
1105	8	20111	22	16	0	859	1105	8	319	0	16	0	8
1101	6	20147	27	17	0	823	1101	6	324	0	17	0	8
1119	7	20099	23	17	0	856	1119	7	303	0	17	0	10
1098	9	20109	20	13	1	871	1098	9	328	0	13	1	7
1110	8	20070	31	20	0	882	1110	8	313	0	20	0	5
1127	6	20103	29	19	0	837	1127	6	299	0	19	0	5
1118	7	20065	17	19	0	895	1118	7	307	0	19	0	5
1100	8	20082	16	18	0	897	1100	8	322	0	18	0	8
1126	5	20119	25	20	0	826	1126	5	300	0	20	0	5
1114	3	20123	20	17	0	844	1114	3	315	0	17	0	7
1116	4	20114	30	15	1	841	1116	4	316	0	15	1	4
1098	9	20088	28	17	0	881	1098	9	323	0	17	0	9
1108	6	20118	28	14	0	847	1108	6	323	0	14	0	5
1117	9	20108	22	21	0	844	1117	9	304	0	21	0	5
1116	6	20102	23	17	0	857	1116	6	311	0	17	0	6
1113	5	20055	25	19	0	904	1113	5	316	0	19	0	3
1090	8	20124	30	17	0	852	1090	8	333	0	17	0	8
1118	7	20134	28	16	0	818	1118	7	305	0	16	0	10
1103	6	20167	21	18	0	806	1103	6	322	0	18	0	7
1113	4	20105	20	16	0	863	1113	4	316	0	16	0	7
1110	6	20090	21	13	0	881	1110	6	322	0	13	0	5
1120	9	20121	24	16	0	831	1120	9	302	0	16	0	9
1127	6	20067	13	17	1	890	1127	6	301	0	17	1	4
1114	6	20102	20	19	0	860	1114	6	310	0	19	0	7
1095	7	20139	22	19	0	839	1095	7	325	0	19	0	10
1114	10	20126	25	13	0	833	1114	10	310	0	13	0	9
1120	6	20079	18	17	0	881	1120	6	309	0	17	0	4
1105	5	20153	20	18	0	820	1105	5	323	0	18	0	5
1098	5	20087	18	18	0	895	1098	5	328	0	18	0	7
1110	6	20157	20	13	0	815	1110	6	321	0	13	0	6
1111	8	20094	25	16	0	867	1111	8	311	0	16	0	10
1122	7	20106	19	16	0	851	1122	7	300	0	16	0	11
1116	6	20097	22	20	0	860	1116	6	305	0	20	0	9
1091	6	20129	21	19	0	855	1091	6	326	0	19	0	14
1117	9	20080	24	18	0	873	1117	9	310	0	18	0	2
1115	5	20105	23	17	0	856	1115	5	312	0	17	0	7
1113	4	20036	31	23	0	914	1113	4	313	0	23	0	3
1092	10	20090	21	15	0	893	1092	10	331	0	15	0	8
1113	5	20072	21	17	0	893	1113	5	312	0	17	0	9
1109	4	20111	23	15	0	859	1109	4	321	0	15	0	7
1116	8	20039	31	13	0	914	1116	8	310	0	13	0	9
1104	8	20094	28	16	0	871	1104	8	321	0	16	0	7
1112	7	20077	31	16	0	878	1112	7	312	0	16	0	9
1117	6	20082	30	20	0	866	1117	6	308	0	20	0	5
1107	8	20116	50	17	0	823	1107	8	319	0	17	0	5
1112	4	20106	14	18	0	867	1112	4	315	0	18	0	7
1110	7	20128	21	17	0	838	1110	7	316	0	17	0	6
1113	7	20078	22	18	0	883	1113	7	311	0	18	0	7
1121	3	20129	21	16	1	830	1121	3	311	0	16	1	4
1130	3	20074	23	22	0	869	1130	3	296	0	22	0	5
1114	7	20022	26	18	0	934	1114	7	312	0	18	0	5
1123	6	20076	24	20	0	872	1123	6	298	0	20	0	9
1111	5	20119	16	13	0	857	1111	5	320	0	13	0	7
1123	6	20084	29	21	0	858	1123	6	299	0	21	0	7
1121	6	20101	25	19	0	849	1121	6	305	0	19	0	5
1112	6	20088	21	17	0	877	1112	6	313	0	17	0	8
1116	10	20138	22	16	0	819	1116	10	308	0	16	0	6
1107	7	20068	18	21	0	900	1107	7	313	0	21	0	8
1125	5	20111	20	15	0	845	1125	5	302	0	15	0	9
1111	6	20066	22	18	0	898	1111	6	315	0	18	0	6
1118	7	20107	15	18	0	856	1118	7	305	0	18	0	8
1106	6	20103	27	18	0	861	1106	6	319	0	18	0	7
1097	10	20056	25	16	0	917	1097	10	324	0	16	0	9
1101	5	20141	29	17	0	828	1101	5	327	0	17	0	6
1119	6	20104	20	19	0	853	1119	6	307	0	19	0	5
1121	6	20131	24	17	0	822	1121	6	305	0	17	0	7
1111	8	20090	28	16	0	868	1111	8	316	0	16	0	5
1090	7	20126	22	21	0	855	1090	7	330	0	21	0	8
1113	3	20079	20	21	0	885	1113	3	313	0	21	0	6
1114	6	20114	21	18	0	848	1114	6	314	0	18	0	4
1113	4	20105	18	18	0	863	1113	4	312	0	18	0	9
1114	7	20060	26	20	0	894	1114	7	311	0	20	0	4
1102	6	20055	28	23	1	906	1102	6	318	0	23	1	6
1109	9	20067	22	15	0	899	1109	9	313	0	15	0	10
1118	5	20067	21	20	0	890	1118	5	307	0	20	0	6
1122	5	20090	23	14	0	867	1122	5	305	0	14	0	10
1112	8	20118	21	21	0	841	1112	8	310	0	21	0	5
1117	7	20107	22	18	0	850	1117	7	306	0	18	0	8
1087	6	20153	30	20	0	825	1087	6	337	0	20	0	6
1110	7	20073	23	18	1	889	1110	7	314	0	18	1	6
1104	11	20124	24	19	0	839	1104	11	317	0	19	0	5
1105	7	20069	17	20	0	903	1105	7	316	0	20	0	8
1104	8	20124	30	19	0	836	1104	8	319	0	19	0	6
1103	6	20126	20	21	0	845	1103	6	321	0	21	0	5
1111	5	20073	18	18	0	896	1111	5	312	0	18	0	10
1094	5	20139	24	17	0	842	1094	5	333	0	17	0	7
1121	3	20101	27	18	0	851	1121	3	308	0	18	0	6
1113	5	20135	18	21	0	829	1113	5	313	0	21	0	4
1117	7	20119	15	16	0	847	1117	7	311	0	16	0	5
1125	5	20059	22	22	0	888	1125	5	301	0	22	0	3
1109	4	20102	27	16	0	863	1109	4	319	0	16	0	8
1115	4	20103	18	19	0	862	1115	4	313	0	19	0	5
1119	7	20112	23	15	0	845	1119	7	310	0	15	0	5
1113	7	20115	18	20	0	848	1113	7	311	0	20	0	5
1115	7	20104	21	20	0	854	1115	7	306	0	20	0	8
1127	4	20091	22	18	0	859	1127	4	300	0	18	0	7
1118	6	20101	23	22	0	851	1118	6	304	0	22	0	6
1117	7	20126	21	17	1	832	1117	7	308	0	17	1	6
1100	9	20149	28	18	0	817	1100	9	323	0	18	0	6
1097	5	20101	25	21	0	872	1097	5	325	0	21	0	8
1096	7	20143	19	21	0	835	1096	7	326	0	21	0	6
1103	5	20134	22	16	0	841	1103	5	327	0	16	0	5
1112	8	20120	26	17	0	838	1112	8	312	0	17	0	7
1113	4	20062	26	19	0	897	1113	4	316	0	19	0	4
1103	6	20071	18	20	0	903	1103	6	320	0	20	0	7
1114	7	20107	29	18	0	846	1114	7	312	0	18	0	5
1121	7	20123	20	18	0	832	1121	7	304	0	18	0	6
1107	7	20154	17	18	0	818	1107	7	320	0	18	0	4
1107	4	20116	25	14	0	855	1107	4	324	0	14	0	7
1121	7	20072	23	20	0	878	1121	7	303	0	20	0	5
1116	5	20137	23	19	0	821	1116	5	308	0	19	0	8
1107	6	20093	33	16	0	866	1107	6	322	0	16	0	5
1114	6	20089	27	19	0	866	1114	6	313	0	19	0	4
1121	5	20106	30	19	0	840	1121	5	302	0	19	0	9
1109	7	20095	24	20	0	866	1109	7	309	0	20	0	11
1109	6	20115	25	20	0	846	1109	6	314	0	20	0	7
1100	9	20121	29	20	0	842	1100	9	320	0	20	0	7
1116	7	20096	24	18	0	860	1116	7	310	0	18	0	5
1105	5	20114	23	14	0	860	1105	5	325	0	14	0	7
1111	6	20114	19	16	0	855	1111	6	316	0	16	0	7
1097	9	20126	25	21	0	843	1097	9	322	0	21	0	7
1096	5	20132	29	17	0	842	1096	5	330	0	17	0	8
1107	4	20089	22	15	0	884	1107	4	325	0	15	0	5
1104	9	20108	27	22	0	851	1104	9	316	0	22	0	5
1114	5	20099	25	19	0	859	1114	5	313	0	19	0	5
1109	4	20130	22	15	1	840	1109	4	319	0	15	1	8
1109	3	20127	19	21	1	841	1109	3	315	0	21	1	7
1116	6	20072	22	16	0	889	1116	6	308	0	16	0	10
1117	4	20126	32	21	0	821	1117	4	305	0	21	0	9
1099	5	20052	19	17	0	929	1099	5	324	0	17	0	11
1106	6	20107	22	18	0	862	1106	6	320	0	18	0	6
1112	7	20110	17	20	0	855	1112	7	310	0	20	0	7
1101	5	20113	21	17	0	864	1101	5	326	0	17	0	7
1120	6	20093	20	15	0	867	1120	6	309	0	15	0	6
1106	4	20113	29	17	0	852	1106	4	322	0	17	0	7
1116	4	20060	18	22	0	901	1116	4	307	0	22	0	7
1104	7	20105	20	17	0	868	1104	7	322	0	17	0	6
1112	8	20154	22	16	0	809	1112	8	311	0	16	0	9
1102	6	20128	20	14	1	850	1102	6	327	0	14	1	6
1100	5	20117	25	17	0	857	1100	5	329	0	17	0	5
1113	6	20084	23	15	0	880	1113	6	315	0	15	0	7
1127	8	20036	24	20	0	906	1127	8	294	0	20	0	7
1113	6	20104	20	15	0	863	1113	6	314	0	15	0	8
1110	9	20114	22	16	0	850	1110	9	313	1	16	0	7
1113	6	20086	22	20	0	874	1113	6	312	0	20	0	5
1115	6	20138	28	16	0	818	1115	6	312	0	16	0	7
1114	8	20057	21	18	0	903	1114	8	308	0	18	0	8
1113	7	20106	26	19	0	850	1113	7	309	0	19	0	8
1125	5	20108	23	18	0	842	1125	5	303	0	18	0	5
1100	10	20125	20	22	0	844	1100	10	319	0	22	0	5
1110	7	20117	28	20	0	839	1110	7	313	0	20	0	6
1103	11	20077	19	22	0	889	1103	11	314	0	22	0	6
1101	7	20118	27	16	0	852	1101	7	326	0	16	0	6
1113	4	20095	24	16	0	869	1113	4	316	0	16	0	7
1116	7	20074	27	24	0	873	1116	7	305	0	24	0	4
1116	6	20108	19	21	0	851	1116	6	308	0	21	0	5
1105	7	20119	24	18	0	848	1105	7	323	0	18	0	3
1110	6	20116	24	18	0	847	1110	6	318	0	18	0	4
1113	5	20093	26	20	0	864	1113	5	312	0	20	0	6
1115	5	20127	28	18	0	828	1115	5	311	0	18	0	7
1099	6	20080	22	21	0	893	1099	6	326	0	21	0	4
1110	7	20101	21	18	0	864	1110	7	317	0	18	0	4
1109	6	20111	28	13	0	854	1109	6	318	0	13	0	10
1097	6	20107	23	19	0	869	1097	6	328	0	19	0	6
1123	6	20078	25	19	0	870	1123	6	303	0	19	0	5
1095	8	20081	24	12	0	901	1095	8	327	0	12	0	14
1123	7	20084	29	18	0	860	1123	7	301	1	18	0	6
1114	8	20100	28	19	0	852	1114	8	310	0	19	0	5
1115	5	20106	27	15	0	853	1115	5	314	0	15	0	7
1120	6	20110	26	19	0	840	1120	6	303	0	19	0	8
1107	8	20122	24	18	0	842	1107	8	316	0	18	0	7
1111	7	20046	28	17	0	912	1111	7	314	0	17	0	7
1113	4	20088	27	16	0	873	1113	4	316	0	16	0	7
1113	4	20084	17	16	0	887	1113	4	317	0	16	0	6
1126	4	20067	28	16	0	880	1126	4	302	0	16	0	8
1115	5	20163	21	19	0	798	1115	5	311	0	19	0	6
1117	10	20036	27	18	0	913	1117	10	304	0	18	0	7
1113	8	20143	20	16	0	821	1113	8	312	0	16	0	7
1099	9	20138	31	20	0	824	1099	9	321	0	20	0	7
1108	5	20118	24	11	0	855	1108	5	321	0	11	0	11
1110	9	20092	24	21	0	865	1110	9	310	0	21	0	6
1112	7	20132	29	20	0	821	1112	7	313	0	20	0	4
1120	7	20104	19	19	0	852	1120	7	306	0	19	0	4
1110	4	20109	22	17	0	859	1110	4	317	0	17	0	8
1102	8	20120	18	19	0	854	1102	8	322	0	19	0	5
1112	6	20062	25	21	0	895	1112	6	312	0	21	0	5
1110	3	20074	19	16	0	899	1110	3	320	0	16	0	7
1110	8	20143	23	15	0	822	1110	8	316	0	15	0	7
1096	8	20112	26	14	0	865	1096	8	329	0	14	0	9
1113	8	20080	23	22	0	875	1113	8	308	0	22	0	5
1110	8	20127	28	18	0	830	1110	8	315	0	18	0	5
1113	6	20090	20	20	0	872	1113	6	313	0	20	0	4
1105	5	20088	19	20	0	884	1105	5	320	0	20	0	6
1111	5	20103	19	19	0	864	1111	5	316	0	19	0	5
1100	6	20111	28	19	0	857	1100	6	322	1	19	0	8
1117	9	20115	25	15	1	839	1117	9	305	0	15	1	9
1121	5	20086	19	21	0	869	1121	5	303	0	21	0	6
1122	8	20103	19	17	0	852	1122	8	302	0	17	0	7
1109	7	20090	23	17	0	875	1109	7	317	0	17	0	6
1102	8	20087	26	21	0	877	1102	8	320	1	21	0	4
1106	7	20087	30	17	0	874	1106	7	317	0	17	0	9
1117	6	20058	23	19	0	898	1117	6	308	0	19	0	6
1117	7	20087	20	12	0	878	1117	7	310	0	12	0	10
1112	5	20134	23	17	0	830	1112	5	317	0	17	0	5
1109	6	20075	24	20	0	887	1109	6	315	0	20	0	6
1111	4	20029	20	23	0	934	1111	4	311	0	23	0	7
1119	5	20119	26	12	0	840	1119	5	313	0	12	0	7
1116	6	20105	24	21	0	849	1116	6	304	0	21	0	9
1104	7	20115	22	16	1	856	1104	7	323	0	16	1	5
1094	3	20108	21	17	0	878	1094	3	337	0	17	0	5
1111	6	20082	19	19	0	884	1111	6	314	0	19	0	6
1108	6	20157	19	14	0	817	1108	6	321	0	14	0	7
1116	11	20114	28	18	0	834	1116	11	304	0	18	0	7
1101	7	20111	19	16	0	867	1101	7	323	0	16	0	9
1125	6	20074	21	17	0	878	1125	6	303	0	17	0	5
1098	11	20134	22	18	0	838	1098	11	325	0	18	0	4
1104	8	20060	15	17	0	917	1104	8	322	0	17	0	5
1120	6	20039	19	18	0	919	1120	6	305	0	18	0	7
1098	8	20086	27	16	0	886	1098	8	328	0	16	0	6
1115	8	20074	21	19	0	884	1115	8	310	0	19	0	4
1108	5	20103	24	18	0	863	1108	5	317	0	18	0	8
1124	6	20095	21	21	0	854	1124	6	300	0	21	0	5
1104	6	20109	18	18	0	866	1104	6	322	0	18	0	6
1103	5	20087	24	15	0	887	1103	5	325	0	15	0	8
1118	6	20113	25	21	0	838	1118	6	305	0	21	0	6
1107	5	20124	28	20	0	837	1107	5	322	0	20	0	2
1108	6	20092	20	15	0	880	1108	6	323	0	15	0	4
1115	8	20054	26	19	0	899	1115	8	306	0	19	0	8
1110	7	20126	23	17	0	838	1110	7	314	0	17	0	8
1102	4	20120	31	22	0	842	1102	4	324	0	22	0	4
1127	6	20116	23	21	0	828	1127	6	294	0	21	0	8
1101	8	20117	21	14	0	860	1101	8	326	0	14	0	7
1110	7	20076	26	16	1	885	1110	7	315	0	16	1	7
1110	9	20094	27	15	0	866	1110	9	315	0	15	0	7
1111	9	20086	23	13	0	879	1111	9	315	0	13	0	8
1095	8	20122	13	18	0	865	1095	8	330	0	18	0	5
1113	6	20102	26	13	0	861	1113	6	318	0	13	0	6
1115	4	20079	17	22	0	884	1115	4	310	0	22	0	5
1111	6	20089	26	15	0	874	1111	6	317	0	15	0	7
1100	6	20156	25	16	1	817	1100	6	327	0	16	1	6
1117	6	20111	18	19	0	850	1117	6	307	0	19	0	7
1116	5	20095	27	18	1	859	1116	5	309	0	18	1	7
1102	5	20139	22	20	0	833	1102	5	323	0	20	0	6
1111	8	20093	30	20	0	859	1111	8	313	1	20	0	3
1117	6	20098	21	17	0	862	1117	6	311	0	17	0	5
1112	8	20099	23	16	0	863	1112	8	317	0	16	0	3
1113	7	20110	20	17	0	854	1113	7	313	0	17	0	6
1105	7	20134	23	15	0	837	1105	7	322	0	15	0	7
1112	13	20143	25	15	0	813	1112	13	308	0	15	0	8
1112	8	20086	23	21	0	871	1112	8	307	0	21	0	8
1092	7	20113	21	16	0	872	1092	7	332	0	16	0	9
1128	7	20121	24	18	0	823	1128	7	296	0	18	0	7
1109	5	20095	18	18	0	876	1109	5	318	0	18	0	6
1099	7	20138	18	18	0	841	1099	7	327	0	18	0	5
1105	8	20104	28	18	0	858	1105	8	321	0	18	0	4
1112	6	20135	26	16	0	826	1112	6	315	0	16	0	7
1106	6	20107	27	21	0	854	1106	6	318	0	21	0	5
1106	9	20070	31	19	0	886	1106	9	315	0	19	0	7
1106	8	20154	18	17	0	818	1106	8	319	0	17	0	6
1119	8	20067	21	20	0	886	1119	8	303	0	20	0	6
1111	6	20080	25	20	0	879	1111	6	311	0	20	0	8
1111	11	20118	20	21	0	840	1111	11	307	0	21	0	6
1104	7	20077	28	17	0	888	1104	7	318	0	17	0	10
1121	7	20179	17	16	0	781	1121	7	305	0	16	0	7
1105	5	20099	16	22	0	874	1105	5	317	0	22	0	7
1111	6	20125	22	20	0	837	1111	6	312	0	20	0	7
1116	7	20084	26	20	0	868	1116	7	308	0	20	0	5
1112	6	20095	25	19	0	864	1112	6	310	0	19	0	9
1104	8	20083	18	18	0	890	1104	8	318	0	18	0	8
1111	7	20082	26	19	0	876	1111	7	315	0	19	0	4
1114	7	20104	24	16	0	856	1114	7	314	0	16	0	5
1099	6	20142	19	13	0	842	1099	6	332	0	13	0	6
1102	8	20112	25	20	0	854	1102	8	318	0	20	0	8
1109	8	20055	20	18	0	911	1109	8	309	0	18	0	12
1115	5	20145	21	19	0	816	1115	5	312	0	19	0	5
1118	7	20100	16	22	0	858	1118	7	301	0	22	0	8
1110	7	20091	32	20	0	861	1110	7	314	0	20	0	5
1117	7	20088	29	15	0	865	1117	7	309	0	15	0	8
1106	5	20148	19	20	0	823	1106	5	321	0	20	0	4
1112	6	20115	22	19	0	847	1112	6	313	0	19	0	6
1117	7	20057	24	19	0	897	1117	7	306	0	19	0	7
1105	8	20131	35	17	0	825	1105	8	320	0	17	0	6
1121	5	20096	21	25	0	853	1121	5	301	0	25	0	4
1115	5	20092	22	15	0	872	1115	5	311	0	15	0	10
1110	4	20072	24	19	0	892	1110	4	317	0	19	0	6
1107	9	20095	18	15	0	877	1107	9	317	0	15	0	8
1112	8	20068	20	21	0	892	1112	8	309	0	21	0	6
1126	4	20065	23	14	0	889	1126	4	302	0	14	0	10
1123	8	20088	28	19	0	855	1123	8	298	0	19	0	8
1111	7	20089	18	18	0	878	1111	7	314	0	18	0	6
1115	6	20098	19	15	0	868	1115	6	309	0	15	0	11
1117	5	20078	24	18	0	879	1117	5	311	0	18	0	5
1112	8	20085	18	15	0	883	1112	8	313	0	15	0	8
1113	7	20078	14	17	0	892	1113	7	314	0	17	0	5
1112	6	20132	24	13	0	834	1112	6	315	0	13	0	10
1108	10	20106	22	19	0	856	1108	10	311	0	19	0	8
1101	9	20117	33	18	0	843	1101	9	321	0	18	0	7
1098	6	20101	24	18	0	874	1098	6	328	0	18	0	6
1117	4	20116	27	15	0	842	1117	4	312	0	15	0	8
1115	7	20077	29	16	0	877	1115	7	313	0	16	0	5
1109	6	20142	27	20	0	817	1109	6	316	0	20	0	5
1121	6	20098	22	20	0	854	1121	6	304	1	20	0	4
1104	6	20112	21	17	0	861	1104	6	323	0	17	0	6
1109	4	20101	18	14	0	875	1109	4	322	0	14	0	7
1117	9	20099	19	19	0	858	1117	9	306	0	19	0	5
1102	9	20133	16	18	0	843	1102	9	322	0	18	0	5
1113	5	20133	19	18	0	833	1113	5	315	0	18	0	5
1116	5	20118	21	15	0	846	1116	5	311	0	15	0	9
1127	7	20088	32	17	0	850	1127	7	298	0	17	0	7
1104	6	20096	23	19	0	873	1104	6	322	0	19	0	5
1108	3	20110	28	18	0	854	1108	3	322	0	18	0	5
1115	5	20109	23	17	0	852	1115	5	315	0	17	0	4
1114	6	20101	28	13	0	859	1114	6	317	0	13	0	6
1119	7	20120	26	17	0	832	1119	7	304	0	17	0	9
1117	5	20073	22	16	1	887	1117	5	309	0	16	1	8
1108	4	20104	19	16	0	870	1108	4	323	0	16	0	5
1100	6	20122	22	18	0	853	1100	6	323	1	18	0	8
1118	6	20097	26	20	0	854	1118	6	306	0	20	0	6
1114	11	20097	15	17	0	867	1114	11	307	0	17	0	7
1103	10	20087	26	17	1	877	1103	10	320	0	17	1	5
1115	8	20098	21	17	0	862	1115	8	308	0	17	0	8
1114	7	20123	19	17	0	841	1114	7	310	0	17	0	8
1111	7	20053	29	17	0	904	1111	7	316	0	17	0	5
1118	4	20125	25	14	0	835	1118	4	312	0	14	0	8
1108	7	20088	27	17	1	873	1108	7	317	0	17	1	6
1101	6	20078	22	15	0	899	1101	6	326	0	15	0	8
1105	6	20103	31	19	0	857	1105	6	322	0	19	0	4
1106	6	20101	22	20	0	866	1106	6	317	0	20	0	7
1098	8	20130	20	17	0	848	1098	8	327	0	17	0	6
1126	7	20050	20	19	0	899	1126	7	299	0	19	0	5
1095	8	20147	21	17	0	833	1095	8	328	0	17	0	8
1117	5	20097	19	20	0	863	1117	5	306	0	20	0	8
1112	9	20078	21	15	0	886	1112	9	315	0	15	0	5
1102	8	20127	26	17	0	841	1102	8	320	1	17	0	8
1107	8	20105	21	21	0	859	1107	8	314	0	21	0	6
1118	5	20093	21	21	0	863	1118	5	306	0	21	0	6
1099	9	20075	27	19	0	892	1099	9	324	0	19	0	5
1115	6	20050	17	20	0	913	1115	6	309	0	20	0	6
1123	7	20044	24	18	0	905	1123	7	304	0	18	0	4
1100	7	20147	23	13	0	831	1100	7	326	0	13	0	10
1110	4	20087	19	15	0	886	1110	4	318	0	15	0	9
1122	6	20135	25	19	0	814	1122	6	298	0	19	0	11
1107	7	20062	25	17	0	903	1107	7	320	0	17	0	5
1114	7	20089	19	16	0	876	1114	7	312	0	16	0	7
1098	4	20182	26	15	0	796	1098	4	332	0	15	0	7
1119	6	20107	19	16	0	854	1119	6	304	0	16	0	11
1122	5	20093	23	19	0	859	1122	5	306	0	19	0	4
1118	5	20129	34	17	0	818	1118	5	309	0	17	0	7
1104	7	20126	26	15	0	843	1104	7	320	0	15	0	10
1103	6	20093	21	20	0	878	1103	6	324	0	20	0	3
1109	10	20070	19	18	0	895	1109	10	313	0	18	0	6
1098	10	20110	24	20	0	859	1098	10	322	0	20	0	6
1109	5	20075	25	17	0	890	1109	5	317	0	17	0	8
1118	4	20123	22	19	0	835	1118	4	310	0	19	0	5
1108	5	20070	19	19	0	900	1108	5	319	0	19	0	5
1121	7	20119	19	23	0	832	1121	7	301	0	23	0	4
1124	6	20086	22	20	0	863	1124	6	299	0	20	0	7
1114	5	20082	20	14	0	886	1114	5	314	0	14	0	9
1097	7	20100	20	15	0	882	1097	7	331	0	15	0	6
1105	8	20088	33	19	1	867	1105	8	317	0	19	1	6
1110	5	20082	27	15	0	882	1110	5	319	0	15	0	7
1113	9	20095	22	14	1	867	1113	9	311	0	14	1	8
1099	10	20060	22	20	0	910	1099	10	323	0	20	0	4
1114	5	20063	20	20	0	899	1114	5	314	0	20	0	3
1112	4	20103	23	17	0	862	1112	4	316	0	17	0	7
1110	4	20143	25	14	0	825	1110	4	319	0	14	0	9
1113	5	20117	20	16	1	849	1113	5	311	0	16	1	10
1108	9	20087	25	14	0	878	1108	9	318	0	14	0	7
1111	6	20111	22	16	0	855	1111	6	316	0	16	0	7
1111	8	20078	30	13	0	881	1111	8	315	1	13	0	8
1114	5	20111	25	17	0	849	1114	5	313	0	17	0	7
1109	10	20114	23	19	0	846	1109	10	310	0	19	0	8
1099	6	20087	28	18	0	883	1099	6	327	1	18	0	5
1113	3	20066	26	19	0	894	1113	3	314	0	19	0	7
1122	7	20024	32	21	0	915	1122	7	303	0	21	0	3
1113	7	20117	26	21	0	837	1113	7	309	0	21	0	6
1105	10	20113	31	13	0	849	1105	10	321	1	13	0	6
1130	4	20058	25	22	1	881	1130	4	293	0	22	1	6
1106	5	20093	20	19	0	878	1106	5	319	0	19	0	7
1122	9	20093	22	22	0	853	1122	9	298	0	22	0	5
1112	6	20069	28	17	0	889	1112	6	315	0	17	0	6
1106	5	20117	30	19	0	844	1106	5	322	0	19	0	4
1107	9	20098	22	15	0	870	1107	9	318	0	15	0	7
1115	9	20094	20	16	0	867	1115	9	310	0	16	0	6
1114	4	20119	30	18	0	836	1114	4	313	0	18	0	7
1106	5	20105	17	19	0	869	1106	5	322	0	19	0	4
1103	9	20123	27	14	0	845	1103	9	323	0	14	0	7
1110	6	20084	24	19	0	878	1110	6	313	0	19	0	8
1121	4	20075	21	19	0	881	1121	4	305	0	19	0	7
1109	8	20080	32	17	0	875	1109	8	316	0	17	0	6
1112	5	20092	19	17	1	875	1112	5	314	0	17	1	7
1111	5	20122	19	18	0	846	1111	5	313	0	18	0	9
1109	8	20098	29	17	0	860	1109	8	314	0	17	0	8
1100	3	20144	26	20	0	828	1100	3	327	0	20	0	6
1108	8	20061	22	18	0	904	1108	8	315	0	18	0	7
1119	10	20057	28	19	0	888	1119	10	303	0	19	0	5
1105	6	20118	29	21	0	842	1105	6	321	0	21	0	3
1108	3	20123	21	21	0	845	1108	3	320	0	21	0	4
1118	10	20109	26	17	0	841	1118	10	302	0	17	0	9
1104	8	20072	21	17	0	899	1104	8	324	0	17	0	3
1129	8	20074	31	21	0	858	1129	8	292	0	21	0	6
1112	5	20080	31	20	0	873	1112	5	311	0	20	0	8
1116	5	20085	17	18	0	880	1116	5	314	0	18	0	3
1115	6	20137	20	17	1	825	1115	6	311	0	17	1	6
1113	7	20109	19	21	0	852	1113	7	311	0	21	0	4
1101	5	20136	16	19	0	844	1101	5	324	0	19	0	7
1110	6	20086	25	21	0	873	1110	6	311	0	21	0	8
1113	7	20106	18	18	0	859	1113	7	314	0	18	0	4
1116	5	20091	24	21	0	864	1116	5	309	0	21	0	5
1114	9	20116	22	17	0	843	1114	9	312	0	17	0	4
1115	9	20091	23	19	0	864	1115	9	310	0	19	0	3
1091	6	20109	27	19	0	869	1091	6	336	0	19	0	4
1098	7	20066	28	19	0	903	1098	7	326	0	19	0	6
1115	7	20094	30	17	0	858	1115	7	313	0	17	0	4
1112	6	20063	31	15	1	893	1112	6	314	0	15	1	8
1106	9	20079	14	18	0	895	1106	9	319	0	18	0	4
1108	5	20096	23	17	0	872	1108	5	318	0	17	0	8
1122	5	20099	18	17	0	860	1122	5	305	0	17	0	7
1109	5	20098	20	19	0	870	1109	5	315	1	19	0	7
1119	4	20050	19	16	0	913	1119	4	308	0	16	0	9
1113	9	20133	21	20	0	825	1113	9	309	0	20	0	5
1118	5	20101	27	16	0	854	1118	5	306	0	16	0	11
1115	8	20079	18	22	0	879	1115	8	306	0	22	0	5
1109	7	20112	19	17	0	857	1109	7	319	0	17	0	4
1098	6	20110	26	19	0	862	1098	6	328	0	19	0	5
1103	6	20078	27	15	0	892	1103	6	326	0	15	0	6
1117	5	20102	23	15	0	859	1117	5	311	0	15	0	8
1107	6	20121	25	19	1	842	1107	6	317	0	19	1	6
1105	7	20081	29	17	0	882	1105	7	321	0	17	0	6
1104	5	20136	19	18	0	839	1104	5	324	0	18	0	5
1106	7	20113	24	21	0	850	1106	7	318	0	21	0	4
1115	7	20047	27	21	0	904	1115	7	309	0	21	0	4
1104	7	20114	24	19	0	853	1104	7	322	0	19	0	4
1114	6	20085	24	16	0	876	1114	6	313	0	16	0	7
1108	5	20068	25	16	1	898	1108	5	316	0	16	1	10
1108	7	20060	27	14	0	905	1108	7	317	0	14	0	10
1117	8	20071	21	19	0	885	1117	8	307	0	19	0	5
1108	4	20112	25	15	0	857	1108	4	322	0	15	0	7
1096	3	20119	22	20	0	861	1096	3	332	0	20	0	5
1126	6	20086	29	16	0	858	1126	6	301	0	16	0	7
1111	7	20107	23	15	0	858	1111	7	317	0	15	0	6
1111	9	20114	27	20	1	839	1111	9	309	0	20	1	6
1107	4	20071	23	18	0	898	1107	4	319	0	18	0	8
1113	6	20118	22	17	0	845	1113	6	311	0	17	0	9
1118	3	20161	18	19	0	802	1118	3	309	0	19	0	7
1120	8	20074	24	20	0	875	1120	8	301	0	20	0	7
1107	5	20140	23	18	0	828	1107	5	320	0	18	0	6
1108	8	20097	27	18	0	863	1108	8	317	0	18	0	5
1100	5	20134	19	17	1	845	1100	5	328	0	17	1	5
1119	3	20088	24	14	0	873	1119	3	310	0	14	0	10
1117	5	20099	17	14	0	869	1117	5	311	0	14	0	9
1112	8	20120	24	16	0	841	1112	8	310	0	16	0	10
1098	7	20090	29	20	1	876	1098	7	326	0	20	1	4
1103	5	20080	20	15	0	898	1103	5	324	0	15	0	9
1096	8	20109	34	18	0	856	1096	8	327	0	18	0	7
1114	9	20074	26	21	0	877	1114	9	307	1	21	0	4
1110	6	20068	26	17	1	893	1110	6	318	0	17	1	4
1109	8	20096	20	20	0	868	1109	8	314	0	20	0	5
1108	4	20073	23	22	0	891	1108	4	315	0	22	0	7
1092	9	20148	19	19	0	834	1092	9	330	0	19	0	6
1114	6	20099	27	19	0	856	1114	6	311	1	19	0	5
1116	4	20122	28	20	0	831	1116	4	311	0	20	0	5
1116	7	20075	24	17	0	882	1116	7	312	0	17	0	4
1105	8	20099	22	18	0	869	1105	8	320	0	18	0	5
1126	4	20061	25	19	0	886	1126	4	301	0	19	0	6
1092	8	20143	24	17	0	837	1092	8	333	0	17	0	6
1102	8	20111	25	17	0	858	1102	8	318	0	17	0	11
1106	5	20104	22	19	0	865	1106	5	321	0	19	0	5
1103	6	20118	31	21	0	842	1103	6	322	0	21	0	4
1116	7	20070	31	17	0	880	1116	7	307	0	17	0	9
1105	9	20101	17	17	0	872	1105	9	319	0	17	0	6
1097	4	20132	22	18	0	848	1097	4	330	0	18	0	7
1112	8	20092	26	12	0	871	1112	8	316	0	12	0	8
1106	3	20133	25	11	1	842	1106	3	326	0	11	1	9
1108	6	20136	22	19	0	830	1108	6	317	0	19	0	6
1117	5	20119	26	16	0	838	1117	5	312	0	16	0	6
1113	8	20102	29	15	0	854	1113	8	310	0	15	0	10
1112	7	20069	19	16	0	898	1112	7	315	0	16	0	6
1106	5	20136	26	18	0	830	1106	5	322	0	18	0	5
1114	6	20075	19	19	0	888	1114	6	309	0	19	0	8
1103	6	20122	21	17	1	851	1103	6	324	0	17	1	5
1111	4	20076	26	16	0	888	1111	4	318	0	16	0	7
1111	6	20111	29	17	0	847	1111	6	315	0	17	0	7
1086	6	20096	24	21	0	888	1086	6	338	0	21	0	5
1108	6	20053	26	18	0	910	1108	6	319	0	18	0	5
1119	5	20125	29	20	0	823	1119	5	308	0	20	0	4
1111	9	20094	24	14	0	869	1111	9	312	0	14	0	10
1120	4	20167	30	16	0	784	1120	4	309	0	16	0	7
1109	5	20081	18	20	0	888	1109	5	315	0	20	0	7
1121	5	20137	21	12	0	825	1121	5	311	0	12	0	7
1111	7	20128	14	17	0	844	1111	7	316	0	17	0	5
1094	6	20083	22	17	0	899	1094	6	333	0	17	0	6
1114	5	20079	28	15	0	880	1114	5	313	0	15	0	9
1103	6	20155	23	14	0	820	1103	6	329	0	14	0	4
1115	6	20049	25	17	0	909	1115	6	313	0	17	0	5
1101	6	20131	29	25	0	829	1101	6	319	0	25	0	5
1093	9	20113	20	19	0	867	1093	9	326	0	19	0	9
1104	6	20122	30	23	0	836	1104	6	317	0	23	0	6
1107	5	20172	16	23	0	798	1107	5	314	0	23	0	7
1107	5	20082	20	20	0	887	1107	5	313	0	20	0	11
1113	4	20139	26	17	0	822	1113	4	313	0	17	0	9
1108	5	20114	23	12	0	859	1108	5	322	0	12	0	9
1106	3	20093	21	13	0	885	1106	3	326	0	13	0	8
1111	5	20077	26	15	0	887	1111	5	319	0	15	0	6
1117	6	20080	24	14	1	879	1117	6	309	0	14	1	9
1118	5	20123	23	18	0	834	1118	5	305	0	18	0	10
1094	6	20114	27	19	0	861	1094	6	325	0	19	0	12
1110	7	20054	24	21	0	905	1110	7	314	0	21	0	4
1110	6	20096	25	17	0	867	1110	6	315	0	17	0	8
1119	10	20099	23	18	0	852	1119	10	304	0	18	0	5
1114	7	20055	23	17	0	905	1114	7	313	0	17	0	5
1115	4	20078	23	20	0	881	1115	4	312	0	20	0	5
1098	5	20099	19	22	0	878	1098	5	325	0	22	0	6
1113	4	20098	22	16	0	868	1113	4	316	0	16	0	7
1118	7	20130	22	9	1	834	1118	7	310	0	9	1	11
1109	5	20089	21	20	0	877	1109	5	318	0	20	0	4
1118	5	20091	25	20	0	862	1118	5	307	0	20	0	6
1115	6	20048	27	18	0	907	1115	6	313	0	18	0	4
1105	6	20084	16	19	0	891	1105	6	320	0	19	0	6
1110	5	20149	31	17	0	809	1110	5	319	0	17	0	5
1100	6	20121	25	17	0	852	1100	6	326	0	17	0	7
1121	3	20128	21	19	0	829	1121	3	310	0	19	0	3
1121	5	20096	25	15	0	859	1121	5	310	0	15	0	5
1104	8	20098	25	16	0	870	1104	8	322	0	16	0	6
1103	6	20106	20	16	0	870	1103	6	323	0	16	0	8
1115	7	20081	26	19	0	873	1115	7	311	0	19	0	4
1115	9	20060	29	18	0	890	1115	9	304	0	18	0	10
1115	6	20106	26	16	1	851	1115	6	306	0	16	1	12
1104	6	20080	22	24	0	885	1104	6	319	0	24	0	3
1110	9	20086	26	16	0	874	1110	9	315	0	16	0	6
1115	4	20091	21	23	0	867	1115	4	310	0	23	0	4
1119	4	20146	19	17	0	816	1119	4	310	0	17	0	6
1112	6	20112	16	16	0	859	1112	6	316	0	16	0	6
1106	7	20138	19	18	0	833	1106	7	321	0	18	0	4
1112	7	20117	23	14	0	848	1112	7	315	0	14	0	8
1113	7	20069	25	17	0	890	1113	7	311	0	17	0	8
1113	9	20140	24	21	0	814	1113	9	311	0	21	0	2
1122	8	20149	22	19	0	801	1122	8	301	0	19	0	6
1117	11	20094	23	20	1	855	1117	11	300	0	20	1	7
1091	8	20059	21	15	0	927	1091	8	336	0	15	0	6
1112	7	20132	20	19	0	831	1112	7	312	0	19	0	6
1101	4	20132	29	18	0	837	1101	4	326	0	18	0	7
1108	7	20062	30	14	0	900	1108	7	315	0	14	0	12
1099	6	20084	18	18	0	896	1099	6	326	0	18	0	7
1126	5	20067	20	17	0	886	1126	5	300	0	17	0	8
1125	4	20073	24	16	0	879	1125	4	302	0	16	0	9
1103	8	20105	24	16	0	865	1103	8	325	0	16	0	4
1115	6	20128	16	18	0	838	1115	6	312	0	18	0	5
1101	8	20140	19	15	0	838	1101	8	323	0	15	0	9
1109	5	20151	21	19	0	816	1109	5	315	0	19	0	8
1096	10	20087	43	24	0	861	1096	10	324	0	24	0	2
1101	5	20114	26	16	0	859	1101	5	324	0	16	0	10
1109	7	20116	22	19	0	848	1109	7	318	0	19	0	3
1092	6	20178	16	19	0	810	1092	6	333	0	19	0	6
1119	8	20089	28	15	0	862	1119	8	308	0	15	0	6
1110	7	20126	21	21	0	836	1110	7	313	0	21	0	5
1110	6	20108	25	16	0	856	1110	6	313	0	16	0	11
1109	6	20085	21	19	0	881	1109	6	313	0	19	0	9
1113	7	20117	26	13	0	845	1113	7	314	0	13	0	9
1105	10	20097	23	17	0	869	1105	10	318	0	17	0	6
1094	11	20070	20	19	0	907	1094	11	326	0	19	0	6
1099	7	20167	23	20	0	805	1099	7	324	0	20	0	6
1100	7	20147	19	16	0	832	1100	7	325	0	16	0	8
1107	5	20106	26	15	0	862	1107	5	322	0	15	0	7
1106	8	20129	24	12	0	842	1106	8	322	0	12	0	8
1117	8	20061	22	20	0	893	1117	8	305	0	20	0	6
1112	6	20060	23	20	0	900	1112	6	313	0	20	0	5
1110	7	20087	24	16	0	877	1110	7	315	0	16	0	8
1105	11	20103	21	18	0	863	1105	11	314	0	18	0	8
1114	7	20131	22	13	0	834	1114	7	316	0	13	0	6
1115	5	20131	18	17	0	835	1115	5	313	0	17	0	6
1115	7	20121	25	14	0	839	1115	7	313	0	14	0	7
1099	8	20136	30	18	0	830	1099	8	321	0	18	0	10
1120	8	20083	24	20	0	866	1120	8	303	0	20	0	5
1100	6	20054	29	20	0	912	1100	6	321	0	20	0	9
1100	6	20150	26	15	0	824	1100	6	329	0	15	0	6
1126	7	20090	20	15	0	863	1126	7	300	0	15	0	8
1120	5	20096	25	17	0	858	1120	5	308	0	17	0	6
1112	8	20065	24	19	0	893	1112	8	310	0	19	0	7
1104	6	20086	20	17	0	888	1104	6	320	0	17	0	9
1103	7	20078	31	20	0	882	1103	7	317	0	20	0	9
1118	9	20120	20	14	0	840	1118	9	307	0	14	0	8
1117	6	20064	22	19	0	893	1117	6	308	0	19	0	6
1102	7	20115	30	19	0	848	1102	7	322	0	19	0	6
1105	12	20078	21	18	0	887	1105	12	318	0	18	0	3
1111	7	20112	27	14	0	850	1111	7	318	0	14	0	6
1095	7	20100	22	16	0	881	1095	7	334	0	16	0	4
1121	6	20118	24	20	0	832	1121	6	302	0	20	0	7
1098	7	20153	27	19	0	817	1098	7	327	0	19	0	5
1116	6	20075	28	20	0	876	1116	6	307	0	20	0	7
1112	7	20133	20	18	0	831	1112	7	312	0	18	0	7
1109	7	20120	19	19	0	847	1109	7	314	0	19	0	7
1106	8	20098	22	17	1	869	1106	8	318	0	17	1	6
1101	4	20109	29	19	1	858	1101	4	325	0	19	1	6
1106	4	20079	20	21	0	891	1106	4	319	0	21	0	6
1122	5	20075	28	15	0	876	1122	5	307	0	15	0	7
1106	8	20092	22	18	0	875	1106	8	318	0	18	0	6
1116	6	20097	29	15	0	858	1116	6	313	0	15	0	6
1098	3	20115	23	19	0	863	1098	3	329	0	19	0	7
1098	5	20132	19	17	0	850	1098	5	327	0	17	0	9
1097	6	20121	28	14	0	855	1097	6	328	0	14	0	11
1095	7	20146	20	17	0	836	1095	7	331	0	17	0	6
1089	9	20051	21	18	0	933	1089	9	330	0	18	0	10
1112	5	20117	22	19	0	846	1112	5	312	0	19	0	8
1109	6	20087	37	15	1	866	1109	6	319	0	15	1	6
1100	9	20160	25	18	0	809	1100	9	321	0	18	0	8
1129	4	20124	18	18	0	828	1129	4	300	0	18	0	5
1120	5	20109	20	15	0	852	1120	5	309	0	15	0	7
1111	5	20113	23	20	0	849	1111	5	314	0	20	0	6
1114	6	20083	15	22	0	881	1114	6	308	0	22	0	6
1104	5	20098	29	20	0	865	1104	5	322	0	20	0	5
1109	4	20087	29	16	0	876	1109	4	319	0	16	0	8
1106	4	20145	27	24	0	815	1106	4	317	0	24	0	5
1097	7	20109	23	18	0	867	1097	7	329	0	18	0	5
1128	7	20090	32	19	0	845	1128	7	297	0	19	0	5
1106	5	20136	23	24	0	827	1106	5	315	0	24	0	6
1096	7	20120	27	13	0	858	1096	7	329	0	13	0	11
1121	8	20102	16	18	0	856	1121	8	302	0	18	0	7
1092	5	20108	22	21	0	873	1092	5	333	0	21	0	5
1105	6	20121	25	16	0	848	1105	6	324	0	16	0	5
1111	4	20110	16	16	0	864	1111	4	318	0	16	0	7
1120	4	20093	20	16	0	868	1120	4	307	0	16	0	9
1109	6	20114	23	17	0	852	1109	6	315	0	17	0	9
1102	4	20129	21	16	0	849	1102	4	327	0	16	0	7
1108	5	20177	16	15	0	800	1108	5	319	0	15	0	9
1119	7	20109	24	17	0	845	1119	7	310	0	17	0	3
1099	8	20072	23	17	0	902	1099	8	324	0	17	0	8
1104	6	20140	21	14	0	836	1104	6	323	0	14	0	9
1114	5	20092	19	16	0	875	1114	5	315	0	16	0	6
1123	6	20110	22	15	0	845	1123	6	308	0	15	0	4
1098	8	20150	17	14	0	834	1098	8	329	0	14	0	7
1109	4	20139	36	19	0	814	1109	4	319	0	19	0	5
1123	6	20066	25	16	0	885	1123	6	301	0	16	0	10
1101	6	20101	20	20	0	873	1101	6	322	0	20	0	7
1119	7	20060	28	16	0	891	1119	7	308	1	16	0	5
1094	5	20175	14	19	0	814	1094	5	333	0	19	0	5
1106	4	20117	31	15	0	848	1106	4	323	0	15	0	8
1111	6	20155	23	18	0	808	1111	6	314	0	18	0	7
1104	5	20131	16	14	0	851	1104	5	325	1	14	0	7
1099	12	20110	28	18	0	854	1099	12	320	0	18	0	7
1108	6	20101	23	16	0	867	1108	6	320	0	16	0	6
1124	7	20084	24	17	0	865	1124	7	301	0	17	0	7
1118	4	20069	18	17	0	895	1118	4	307	0	17	0	10
1102	12	20058	32	21	0	896	1102	12	315	0	21	0	6
1097	6	20152	20	20	0	826	1097	6	328	0	20	0	5
1102	6	20166	22	16	0	809	1102	6	326	0	16	0	6
1117	7	20030	25	17	0	925	1117	7	309	0	17	0	6
1107	5	20101	22	19	0	867	1107	5	317	0	19	0	8
1111	6	20106	26	17	0	855	1111	6	314	1	17	0	7
1112	6	20089	26	20	0	868	1112	6	312	0	20	0	6
1102	6	20103	23	22	0	865	1102	6	323	0	22	0	3
1102	10	20069	19	21	0	900	1102	10	319	0	21	0	4
1114	6	20099	26	18	1	857	1114	6	312	0	18	1	5
1116	6	20120	25	22	0	832	1116	6	309	0	22	0	3
1104	9	20105	23	18	1	861	1104	9	319	0	18	1	5
1111	4	20070	23	17	0	896	1111	4	319	0	17	0	5
1117	7	20065	25	15	0	892	1117	7	310	0	15	0	7
1103	5	20114	24	17	0	858	1103	5	327	0	17	0	4
1106	9	20111	19	19	1	856	1106	9	319	0	19	1	2
1105	8	20103	23	10	0	872	1105	8	323	0	10	0	10
1106	7	20114	28	18	0	848	1106	7	321	0	18	0	4
1103	4	20055	28	17	0	914	1103	4	324	0	17	0	8
1106	6	20139	21	23	0	826	1106	6	316	0	23	0	5
1117	6	20106	23	12	0	857	1117	6	311	0	12	0	10
1109	4	20126	24	18	0	840	1109	4	319	0	18	0	6
1120	7	20075	20	15	0	884	1120	7	308	0	15	0	6
1116	8	20074	28	20	1	874	1116	8	302	0	20	1	9
1114	6	20107	21	17	0	856	1114	6	313	1	17	0	5
1118	5	20116	33	19	0	830	1118	5	307	0	19	0	7
1100	7	20127	19	16	0	852	1100	7	324	0	16	0	9
1117	5	20049	18	18	0	914	1117	5	310	0	18	0	6
1114	8	20111	26	22	0	840	1114	8	305	0	22	0	7
1119	7	20104	30	18	0	843	1119	7	306	0	18	0	6
1118	5	20115	25	18	0	840	1118	5	309	0	18	0	6
1098	6	20109	20	19	0	869	1098	6	329	0	19	0	4
1123	7	20123	36	14	0	818	1123	7	305	0	14	0	7
1117	8	20104	17	15	0	860	1117	8	306	0	15	0	10
1104	5	20122	21	19	0	850	1104	5	324	0	19	0	4
1119	8	20073	22	19	1	879	1119	8	302	0	19	1	7
1098	6	20106	23	19	0	869	1098	6	323	0	19	0	10
1109	7	20163	25	16	0	801	1109	7	319	0	16	0	5
1115	5	20054	20	15	0	912	1115	5	309	0	15	0	12
1105	5	20111	16	18	0	866	1105	5	325	0	18	0	3
1114	3	20084	21	18	0	881	1114	3	313	0	18	0	8
1106	6	20092	23	13	0	881	1106	6	321	0	13	0	10
1111	7	20110	31	17	0	845	1111	7	316	0	17	0	5
1093	6	20137	21	16	0	848	1093	6	336	0	16	0	5
1109	5	20081	20	18	0	888	1109	5	319	0	18	0	5
1118	5	20080	22	22	0	874	1118	5	305	0	22	0	6
1113	4	20101	28	17	0	858	1113	4	312	0	17	0	10
1095	6	20124	23	17	0	856	1095	6	330	1	17	0	7
1103	8	20099	27	17	0	867	1103	8	322	0	17	0	6
1105	7	20090	25	20	0	874	1105	7	316	0	20	0	8
1098	7	20078	43	18	0	877	1098	7	329	0	18	0	4
1109	7	20129	20	17	0	839	1109	7	316	0	17	0	7
1111	8	20120	29	15	0	838	1111	8	314	1	15	0	7
1096	7	20107	28	17	0	866	1096	7	328	0	17	0	8
1119	6	20064	21	21	1	889	1119	6	306	0	21	1	3
1106	4	20110	27	10	0	864	1106	4	326	0	10	0	10
1110	6	20121	20	15	0	849	1110	6	317	0	15	0	8
1115	5	20102	22	21	0	856	1115	5	310	0	21	0	5
1110	4	20107	26	15	0	859	1110	4	318	0	15	0	9
1105	7	20111	20	21	0	857	1105	7	317	0	21	0	6
1115	6	20105	13	15	0	867	1115	6	309	0	15	0	11
1124	7	20100	21	18	0	851	1124	7	301	0	18	0	6
1115	6	20084	27	13	0	876	1115	6	314	0	13	0	8
1108	7	20094	27	15	0	870	1108	7	317	1	15	0	8
1108	8	20120	22	19	0	844	1108	8	314	0	19	0	7
1119	5	20127	30	17	0	823	1119	5	310	0	17	0	5
1105	6	20099	19	19	0	873	1105	6	319	0	19	0	7
1111	5	20089	23	17	0	876	1111	5	315	0	17	0	8
1095	8	20106	25	20	0	867	1095	8	330	0	20	0	3
1111	9	20070	21	19	0	891	1111	9	310	0	19	0	7
1104	9	20100	25	18	1	864	1104	9	318	0	18	1	6
1104	4	20089	23	16	1	884	1104	4	324	0	16	1	7
1111	6	20051	22	23	0	908	1111	6	312	0	23	0	4
1117	8	20097	28	17	0	854	1117	8	309	0	17	0	5
1112	7	20096	21	20	0	865	1112	7	312	0	20	0	5
1107	6	20071	26	15	0	896	1107	6	322	0	15	0	6
1102	5	20142	24	14	0	834	1102	5	327	0	14	0	8
1102	6	20165	24	19	0	805	1102	6	322	0	19	0	7
1112	12	20051	28	23	0	895	1112	12	302	0	23	0	7
1116	6	20048	24	17	0	910	1116	6	305	0	17	0	12
1134	6	20079	21	19	0	862	1134	6	291	0	19	0	6
1113	8	20115	25	20	0	840	1113	8	309	0	20	0	6
1112	5	20087	37	18	0	862	1112	5	313	0	18	0	8
1110	6	20082	21	16	0	886	1110	6	318	0	16	0	6
1127	8	20084	23	22	0	857	1127	8	295	0	22	0	4
1100	6	20097	25	21	0	872	1100	6	324	0	21	0	5
1113	6	20096	25	14	0	867	1113	6	314	0	14	0	9
1099	5	20154	21	22	0	820	1099	5	325	0	22	0	5
1111	7	20133	24	23	0	823	1111	7	311	0	23	0	4
1127	4	20095	21	16	0	858	1127	4	302	0	16	0	7
1122	10	20125	20	14	1	829	1122	10	305	0	14	1	4
1113	4	20096	26	17	0	865	1113	4	317	0	17	0	5
1120	6	20047	21	15	0	912	1120	6	307	0	15	0	8
1106	8	20074	23	20	0	890	1106	8	316	0	20	0	6
1118	5	20120	19	15	0	844	1118	5	309	0	15	0	9
1116	4	20024	27	16	0	934	1116	4	314	0	16	0	6
1119	8	20080	26	22	0	866	1119	8	303	0	22	0	4
1121	8	20043	23	13	0	913	1121	8	306	0	13	0	8
1112	5	20111	19	18	0	856	1112	5	312	0	18	0	9
1129	10	20089	25	16	0	852	1129	10	297	0	16	0	4
1105	6	20112	22	17	0	859	1105	6	322	0	17	0	6
1120	9	20096	26	16	0	854	1120	9	304	0	16	0	7
1101	6	20104	15	17	0	878	1101	6	325	0	17	0	7
1113	8	20107	20	20	0	853	1113	8	312	0	20	0	3
1112	7	20094	32	19	0	857	1112	7	309	0	19	0	9
1118	7	20072	28	18	0	878	1118	7	308	0	18	0	5
1102	3	20076	29	18	0	893	1102	3	327	0	18	0	6
1115	5	20087	25	15	0	874	1115	5	315	0	15	0	6
1108	6	20093	25	20	0	869	1108	6	316	0	20	0	6
1110	5	20133	19	19	0	835	1110	5	315	0	19	0	7
1105	9	20141	19	21	0	826	1105	9	312	0	21	0	9
1120	5	20069	29	18	0	880	1120	5	308	0	18	0	5
1098	7	20083	26	17	0	890	1098	7	330	0	17	0	4
1110	7	20071	27	14	0	892	1110	7	319	0	14	0	6
1119	5	20120	26	18	0	833	1119	5	307	0	18	0	7
1100	9	20102	18	18	0	874	1100	9	326	0	18	0	3
1116	5	20112	23	17	0	848	1116	5	313	0	17	0	5
1107	6	20138	26	16	0	828	1107	6	322	0	16	0	5
1098	5	20089	25	13	0	891	1098	5	329	1	13	0	10
1115	7	20126	29	13	0	831	1115	7	312	0	13	0	9
1117	5	20131	24	17	0	827	1117	5	313	0	17	0	4
1116	6	20105	22	20	0	852	1116	6	309	0	20	0	5
1111	7	20074	18	18	0	893	1111	7	313	0	18	0	7
1099	4	20099	15	16	0	888	1099	4	331	0	16	0	6
1122	8	20085	19	17	0	870	1122	8	304	0	17	0	5
1113	4	20106	22	16	1	859	1113	4	313	0	16	1	9
1098	6	20118	22	20	0	857	1098	6	327	0	20	0	5
1121	7	20052	41	18	0	882	1121	7	304	1	18	0	5
1118	6	20116	31	21	0	829	1118	6	307	0	21	0	4
1105	7	20055	25	21	0	908	1105	7	320	0	21	0	3
1103	7	20090	20	15	0	886	1103	7	324	0	15	0	7
1121	7	20105	28	17	0	843	1121	7	305	0	17	0	6
1095	4	20124	31	21	0	846	1095	4	328	0	21	0	8
1105	6	20117	20	15	0	858	1105	6	324	0	15	0	6
1121	6	20083	26	19	0	866	1121	6	307	0	19	0	3
1112	9	20088	22	21	0	869	1112	9	307	0	21	0	7
1101	8	20175	23	18	1	795	1101	8	317	0	18	1	11
1101	7	20177	24	21	0	791	1101	7	322	0	21	0	5
1100	4	20132	25	20	0	840	1100	4	327	0	20	0	5
1106	5	20120	24	19	1	846	1106	5	320	0	19	1	5
1121	5	20118	15	17	0	845	1121	5	309	0	17	0	4
1119	4	20078	20	16	0	884	1119	4	309	0	16	0	8
1092	5	20115	26	17	0	866	1092	5	335	0	17	0	7
1103	8	20111	24	13	0	862	1103	8	323	0	13	0	9
1107	6	20064	18	24	0	902	1107	6	312	0	24	0	7
1118	8	20103	23	20	0	849	1118	8	306	0	20	0	4
1105	7	20109	24	24	0	852	1105	7	316	0	24	0	4
1111	8	20097	29	19	0	857	1111	8	314	0	19	0	4
1108	10	20087	36	20	0	860	1108	10	312	1	20	0	5
1096	8	20120	25	20	0	852	1096	8	325	1	20	0	6
1115	6	20063	23	19	0	895	1115	6	309	0	19	0	7
1126	6	20091	26	16	0	856	1126	6	304	0	16	0	4
1098	4	20111	22	20	0	866	1098	4	331	0	20	0	3
1113	4	20086	27	19	0	872	1113	4	312	0	19	0	8
1107	7	20098	25	19	0	865	1107	7	319	0	19	0	4
1119	3	20090	21	18	0	870	1119	3	310	0	18	0	6
1105	6	20121	31	17	0	841	1105	6	322	0	17	0	6
1118	4	20099	27	18	0	855	1118	4	309	0	18	0	7
1109	7	20134	20	18	0	833	1109	7	315	0	18	0	7
1114	9	20104	30	17	1	846	1114	9	305	0	17	1	10
1111	7	20133	25	21	0	824	1111	7	313	0	21	0	4
1097	6	20102	22	18	0	876	1097	6	328	0	18	0	7
1113	6	20129	24	22	0	827	1113	6	308	0	22	0	7
1110	6	20102	17	19	1	866	1110	6	315	0	19	1	5
1102	11	20084	29	18	0	877	1102	11	316	0	18	0	9
1112	7	20109	21	16	0	856	1112	7	314	0	16	0	7
1114	4	20053	26	23	0	901	1114	4	312	0	23	0	3
1117	6	20135	20	14	0	829	1117	6	314	0	14	0	5
1115	5	20096	20	14	0	871	1115	5	314	0	14	0	8
1103	6	20121	22	15	0	854	1103	6	322	0	15	0	10
1107	6	20111	24	20	0	853	1107	6	312	0	20	0	11
1110	5	20119	21	19	0	847	1110	5	315	0	19	0	7
1114	3	20105	22	24	0	853	1114	3	308	0	24	0	7
1116	4	20096	19	20	0	866	1116	4	309	0	20	0	7
1116	6	20079	21	17	0	882	1116	6	308	0	17	0	9
1119	8	20098	35	16	0	845	1119	8	307	0	16	0	6
1112	6	20112	29	20	0	842	1112	6	312	0	20	0	6
1125	6	20118	22	20	0	830	1125	6	299	1	20	0	5
1112	4	20120	25	19	0	841	1112	4	313	0	19	0	8
1105	5	20137	23	19	1	831	1105	5	321	0	19	1	5
1104	5	20086	20	17	0	889	1104	5	325	0	17	0	5
1099	7	20159	25	13	0	818	1099	7	330	0	13	0	7
1115	8	20110	18	20	0	850	1115	8	309	0	20	0	4
1094	9	20071	34	21	0	892	1094	9	326	0	21	0	6
1111	10	20144	16	15	0	825	1111	10	315	0	15	0	5
1113	10	20099	17	13	0	869	1113	10	312	0	13	0	8
1116	7	20131	29	19	0	819	1116	7	309	0	19	0	5
1116	8	20057	20	17	0	903	1116	8	309	0	17	0	6
1106	6	20129	28	19	0	833	1106	6	318	0	19	0	7
1115	5	20078	18	18	0	887	1115	5	311	0	18	0	7
1114	5	20091	26	19	1	865	1114	5	308	0	19	1	9
1119	8	20044	20	23	0	907	1119	8	299	0	23	0	7
1123	6	20063	26	19	0	884	1123	6	299	0	19	0	9
