62	14	4483	76	9	1	479	62	14	73	0	9	1	0
62	9	4393	156	10	4	490	62	9	74	0	10	4	0
70	10	4491	53	8	0	492	70	10	71	0	8	0	0
72	9	4528	39	7	1	468	72	9	69	0	7	1	1
72	14	4430	97	10	2	499	72	14	61	0	10	2	0
63	13	4424	134	6	6	478	63	13	70	0	6	6	1
66	12	4508	52	6	1	479	66	12	74	0	6	1	0
63	19	3971	602	4	6	459	63	19	67	0	4	6	0
73	12	4520	55	5	2	457	73	12	67	0	5	2	0
66	11	4509	39	8	0	491	66	11	74	0	8	0	0
67	14	4395	165	5	1	477	67	14	72	0	5	1	0
70	14	4440	114	7	1	478	70	14	67	0	7	1	0
71	14	4358	181	7	3	490	71	14	64	0	7	3	0
64	15	4449	84	8	3	501	64	15	69	0	8	3	0
65	14	4504	56	5	1	479	65	14	74	0	5	1	0
69	13	4412	161	3	3	463	69	13	70	0	3	3	1
64	16	4430	123	6	2	483	64	16	71	0	6	2	0
65	9	4479	54	10	3	504	65	9	72	0	10	3	0
74	10	4503	35	6	1	495	74	10	68	0	6	1	0
63	13	4508	68	5	2	465	63	13	76	0	5	2	0
71	13	4484	61	6	3	486	71	13	66	0	6	3	0
57	20	3982	511	8	5	541	57	20	69	0	8	5	0
62	8	4560	36	8	2	448	62	8	79	0	8	2	0
68	14	4454	71	8	3	506	68	14	66	0	8	3	0
69	10	4389	172	9	4	471	69	10	67	0	9	4	0
64	15	4272	200	11	1	561	64	15	67	0	11	1	1
65	14	4507	63	7	2	466	65	14	71	0	7	2	0
66	11	4509	64	8	1	465	66	11	73	0	8	1	0
53	25	3897	628	6	7	508	53	25	68	0	6	7	0
69	11	4471	61	5	4	503	69	11	70	0	5	4	0
64	16	4489	56	2	3	494	64	16	74	0	2	3	0
57	16	4352	205	8	3	483	57	16	75	0	8	3	0
61	12	4497	61	6	1	486	61	12	79	0	6	1	0
66	14	4360	168	4	3	509	66	14	72	0	4	3	0
68	14	4383	152	6	3	498	68	14	68	0	6	3	0
63	16	4288	234	7	3	513	63	16	70	0	7	3	0
57	10	4394	163	8	1	491	57	10	83	0	8	1	0
67	16	4478	84	7	1	471	67	16	68	0	7	1	0
66	8	4534	45	10	3	458	66	8	72	0	10	3	0
68	9	4490	52	11	1	493	68	9	70	0	11	1	0
68	17	4487	55	6	1	490	68	17	67	0	6	1	0
67	17	4401	179	5	2	453	67	17	67	0	5	2	1
70	15	4444	97	7	2	489	70	15	64	0	7	2	1
70	12	4468	56	5	1	512	70	12	71	0	5	1	0
68	13	4483	50	6	1	503	68	13	71	0	6	1	0
72	17	4387	177	2	3	466	72	17	65	0	2	3	0
69	11	4400	162	9	2	471	69	11	68	0	9	2	0
67	11	4525	37	4	2	478	67	11	75	0	4	2	0
68	19	4369	197	5	3	463	68	19	64	0	5	3	0
50	15	4380	174	6	3	496	50	15	85	0	6	3	0
69	15	4517	68	6	2	447	69	15	67	0	6	2	0
68	13	4393	166	8	3	473	68	13	67	0	8	3	0
65	10	4522	50	6	0	471	65	10	77	0	6	0	1
58	25	3516	1015	7	14	489	58	25	55	0	7	14	0
67	15	4462	100	8	1	471	67	15	68	0	8	1	0
72	11	4527	54	9	2	449	72	11	65	0	9	2	0
63	11	4533	47	6	0	464	63	11	78	0	6	0	1
62	14	4464	101	6	1	476	62	14	76	0	6	1	0
73	13	4361	148	7	1	521	73	13	65	0	7	1	0
67	9	4522	57	8	1	460	67	9	74	0	8	1	0
66	12	4473	89	8	1	475	66	12	72	0	8	1	0
70	12	4520	62	8	3	449	70	12	66	0	8	3	0
62	12	4489	79	9	6	467	62	12	70	0	9	6	0
61	15	4341	218	8	3	478	61	15	72	0	8	3	0
56	14	4480	97	11	0	466	56	14	78	0	11	0	0
61	22	3912	646	6	7	470	61	22	63	0	6	7	0
71	11	4459	74	9	3	497	71	11	64	0	9	3	1
66	12	4483	85	6	3	469	66	12	72	0	6	3	0
68	17	4392	162	2	2	481	68	17	70	0	2	2	0
74	13	4477	71	11	1	477	74	13	60	0	11	1	0
63	10	4496	49	6	2	498	63	10	78	0	6	2	0
64	19	3897	647	5	7	485	64	19	64	0	5	7	0
65	14	4508	77	8	1	451	65	14	71	0	8	1	0
56	21	3994	522	6	7	518	56	21	69	0	6	7	0
63	10	4535	46	5	1	464	63	10	80	0	5	1	0
69	13	4510	59	4	1	468	69	13	72	0	4	1	0
61	18	4039	547	6	6	447	61	18	68	0	6	6	0
74	11	4405	186	8	2	438	74	11	64	0	8	2	0
65	12	4524	54	9	1	459	65	12	71	0	9	1	1
66	16	4316	241	5	4	476	66	16	68	0	5	4	0
64	14	4494	59	7	1	485	64	14	73	0	7	1	0
69	10	4541	49	6	0	449	69	10	74	0	6	0	0
65	11	4532	39	5	2	470	65	11	76	0	5	2	0
74	11	4529	38	7	0	465	74	11	67	0	7	0	0
62	16	4342	206	7	4	487	62	16	70	0	7	4	0
70	11	4513	30	6	2	492	70	11	70	0	6	2	0
60	19	3947	606	7	9	476	60	19	64	0	7	9	0
52	19	4054	528	9	6	456	52	19	73	0	9	6	0
73	10	4518	39	7	1	476	73	10	68	0	7	1	0
66	16	4361	200	10	1	470	66	16	66	0	10	1	0
58	13	4456	117	12	3	465	58	13	73	0	12	3	0
66	13	4488	60	5	1	491	66	13	74	0	5	1	0
68	12	4515	54	4	2	469	68	12	73	0	4	2	0
64	22	4030	515	3	6	484	64	22	64	0	3	6	0
69	14	4376	186	5	4	470	69	14	66	0	5	4	1
69	14	4491	57	3	1	489	69	14	72	0	3	1	0
65	11	4486	67	11	1	483	65	11	71	0	11	1	0
64	19	4445	93	6	1	496	64	19	69	0	6	1	0
67	15	4400	162	7	2	471	67	15	68	0	7	2	0
68	22	4417	154	5	2	456	68	22	62	0	5	2	0
63	17	4360	190	3	5	486	63	17	70	0	3	5	1
60	16	4484	72	8	1	483	60	16	74	0	8	1	0
69	12	4470	67	6	2	498	69	12	70	0	6	2	0
74	10	4540	46	6	2	446	74	10	67	0	6	2	0
66	13	4471	63	6	1	504	66	13	73	0	6	1	0
66	15	4500	64	6	1	472	66	15	71	0	6	1	0
68	14	4404	79	9	2	548	68	14	66	0	9	2	0
65	11	4373	190	10	4	471	65	11	69	0	10	4	0
71	11	4390	148	7	1	496	71	11	69	0	7	1	0
72	16	4369	183	4	5	475	72	16	62	0	4	5	0
64	16	4473	61	5	0	505	64	16	74	0	5	0	0
55	20	4418	136	8	4	483	55	20	72	0	8	4	0
57	18	4318	220	9	0	502	57	18	75	0	9	0	0
60	11	4475	55	7	2	514	60	11	79	0	7	2	0
69	11	4389	169	6	2	478	69	11	71	0	6	2	0
67	14	4452	83	7	1	500	67	14	70	0	7	1	0
72	14	4471	55	4	0	508	72	14	69	0	4	0	0
55	12	4496	56	4	3	498	55	12	85	0	4	3	0
69	12	4508	68	5	3	459	69	12	70	0	5	3	0
68	12	4540	57	4	2	441	68	12	73	0	4	2	0
75	12	4471	31	9	1	525	75	12	62	0	9	1	0
74	13	4473	69	5	1	489	74	13	66	0	5	1	0
56	21	4039	576	7	6	419	56	21	69	0	7	6	0
65	14	4432	145	7	3	458	65	14	70	0	7	3	0
61	9	4499	54	11	3	487	61	9	75	0	11	3	0
63	13	4518	66	7	2	455	63	13	74	0	7	2	0
73	15	4490	56	5	0	485	73	15	66	0	5	0	0
63	10	4553	39	8	2	449	63	10	76	0	8	2	0
63	14	4356	215	10	1	465	63	14	71	0	10	1	0
56	13	4468	79	9	2	497	56	13	79	0	9	2	0
65	10	4492	41	8	2	506	65	10	74	0	8	2	0
66	16	4408	125	6	2	501	66	16	69	0	6	2	0
62	13	4416	167	8	3	455	62	13	73	0	8	3	0
71	14	4360	177	8	2	492	71	14	64	0	8	2	0
60	21	4018	554	7	6	458	60	21	65	0	7	6	0
72	15	4488	56	3	2	488	72	15	67	0	3	2	0
68	15	4515	60	6	2	458	68	15	68	0	6	2	0
72	14	4460	89	5	2	482	72	14	66	0	5	2	0
69	16	4507	70	5	1	456	69	16	68	0	5	1	0
68	13	4446	92	12	2	491	68	13	64	0	12	2	0
63	13	4512	58	9	1	468	63	13	73	0	9	1	0
61	10	4371	162	13	1	506	61	10	73	0	13	1	1
71	10	4515	36	6	1	485	71	10	71	0	6	1	0
70	14	4510	60	4	1	465	70	14	70	0	4	1	0
67	9	4492	50	10	1	495	67	9	72	0	10	1	0
64	14	4508	66	6	1	465	64	14	74	0	6	1	0
63	14	4486	77	7	3	474	63	14	72	0	7	3	0
60	14	4404	162	7	2	475	60	14	76	0	7	2	0
67	17	4433	133	6	0	468	67	17	69	0	6	0	0
57	16	4029	534	9	4	475	57	16	73	0	9	4	0
69	13	4517	67	7	4	447	69	13	66	0	7	4	0
71	14	4501	61	8	2	467	71	14	64	0	8	2	0
68	9	4519	46	7	1	474	68	9	74	0	7	1	0
69	15	4470	63	7	2	498	69	15	66	0	7	2	0
65	13	4515	46	4	1	480	65	13	76	0	4	1	0
67	10	4543	35	5	1	463	67	10	76	0	5	1	0
55	20	4466	102	6	3	472	55	20	75	0	6	3	0
71	8	4524	32	8	1	480	71	8	71	0	8	1	0
64	13	4426	147	3	4	467	64	13	75	0	3	4	0
69	12	4485	72	3	3	480	69	12	71	0	3	3	1
62	8	4533	29	8	2	482	62	8	79	0	8	2	0
69	10	4558	41	7	0	439	69	10	73	0	7	0	0
66	14	4336	169	7	4	528	66	14	68	0	7	4	0
50	11	4516	70	9	0	468	50	11	89	0	9	0	0
70	11	4487	70	7	2	477	70	11	68	0	7	2	1
71	12	4378	165	11	3	484	71	12	62	0	11	3	0
74	12	4524	57	8	1	448	74	12	64	0	8	1	0
71	14	4440	94	7	2	496	71	14	65	0	7	2	0
63	19	4315	250	5	5	467	63	19	67	0	5	5	0
68	13	4371	166	7	2	497	68	13	69	0	7	2	0
63	15	4514	60	7	1	464	63	15	73	0	7	1	0
68	17	4375	190	6	2	466	68	17	66	0	6	2	0
58	24	3966	598	9	6	463	58	24	62	0	9	6	0
71	9	4535	32	6	2	469	71	9	71	0	6	2	0
66	13	4445	84	8	1	507	66	13	71	0	8	1	0
54	17	4456	100	7	3	487	54	17	78	0	7	3	0
59	15	4476	91	5	4	474	59	15	75	0	5	4	1
64	13	4432	165	6	1	443	64	13	75	0	6	1	0
63	14	4475	83	6	2	481	63	14	74	0	6	2	0
70	16	4387	181	6	2	462	70	16	65	0	6	2	0
71	13	4513	47	8	1	471	71	13	66	0	8	1	0
70	12	4469	65	7	0	501	70	12	70	0	7	0	0
62	18	4451	127	6	2	458	62	18	71	0	6	2	0
69	13	4477	72	10	2	481	69	13	65	0	10	2	0
71	11	4382	166	8	4	482	71	11	65	0	8	4	0
65	16	4431	78	6	3	525	65	16	69	0	6	3	0
64	13	4357	187	8	5	490	64	13	69	0	8	5	0
63	11	4508	61	4	1	476	63	11	79	0	4	1	1
54	9	4403	148	8	2	500	54	9	86	0	8	2	0
66	13	4463	68	7	2	505	66	13	71	0	7	2	0
64	18	4420	117	3	2	500	64	18	72	0	3	2	0
67	17	4350	185	5	2	498	67	17	68	0	5	2	0
72	13	4458	66	8	2	505	72	13	64	0	8	2	0
66	13	4527	53	6	6	453	66	13	67	0	6	6	1
63	8	4561	31	8	2	451	63	8	78	0	8	2	0
65	11	4517	43	9	3	476	65	11	71	0	9	3	0
64	10	4506	45	9	1	489	64	10	75	0	9	1	0
68	14	4498	69	4	0	471	68	14	73	0	4	0	0
70	17	4429	112	9	3	484	70	17	60	0	9	3	0
61	15	4430	112	10	2	494	61	15	71	0	10	2	0
68	15	4460	90	5	3	483	68	15	68	0	5	3	0
53	11	4510	68	7	2	473	53	11	86	0	7	2	0
69	9	4497	52	7	2	488	69	9	71	0	7	2	1
68	14	4477	70	7	1	487	68	14	69	0	7	1	0
72	11	4407	148	6	4	476	72	11	66	0	6	4	0
67	17	4486	71	5	1	477	67	17	69	0	5	1	0
59	19	4286	290	5	5	460	59	19	71	0	5	5	0
69	14	4493	75	4	1	468	69	14	71	0	4	1	0
69	12	4384	157	5	5	492	69	12	68	0	5	5	0
63	14	4488	68	7	1	483	63	14	74	0	7	1	0
74	8	4408	157	6	3	468	74	8	67	0	6	3	1
59	14	4465	85	7	3	491	59	14	75	0	7	3	1
60	12	4473	78	7	2	492	60	12	78	0	7	2	0
66	15	4334	202	5	4	498	66	15	69	0	5	4	0
65	9	4375	132	7	3	533	65	9	75	0	7	3	0
52	14	4379	190	8	3	478	52	14	82	0	8	3	0
65	12	4516	49	10	1	471	65	12	71	0	10	1	0
58	10	4439	148	6	3	460	58	10	82	0	6	3	0
58	12	4502	51	7	3	491	58	12	78	0	7	3	1
71	17	4477	96	2	2	459	71	17	67	0	2	2	0
61	17	4506	70	5	3	462	61	17	72	0	5	3	1
69	13	4442	146	1	2	451	69	13	74	0	1	2	0
61	14	4489	78	5	2	475	61	14	77	0	5	2	0
62	12	4428	164	8	5	445	62	12	72	0	8	5	0
64	15	4445	99	6	2	493	64	15	72	0	6	2	0
66	17	4493	77	3	2	466	66	17	71	0	3	2	0
72	10	4480	55	8	2	497	72	10	67	0	8	2	0
73	15	4484	63	4	2	483	73	15	65	0	4	2	0
66	16	4509	76	3	3	451	66	16	70	0	3	3	1
73	14	4510	55	3	2	467	73	14	67	0	3	2	0
57	18	4013	547	5	8	476	57	18	70	0	5	8	1
55	16	4404	181	8	4	456	55	16	76	0	8	4	0
72	9	4541	43	7	1	451	72	9	70	0	7	1	0
68	11	4490	71	6	4	474	68	11	70	0	6	4	0
54	17	4108	463	5	4	473	54	17	79	0	5	4	0
69	13	4481	67	8	2	484	69	13	67	0	8	2	0
67	13	4470	57	6	1	510	67	13	72	0	6	1	0
62	14	4487	78	12	3	468	62	14	68	0	12	3	0
69	12	4496	72	8	2	465	69	12	68	0	8	2	0
65	16	4508	58	6	2	469	65	16	70	0	6	2	0
66	11	4367	162	8	3	507	66	11	71	0	8	3	0
67	14	4499	75	8	1	460	67	14	69	0	8	1	0
62	17	4342	196	9	2	496	62	17	69	0	9	2	0
57	12	4405	160	7	2	481	57	12	81	0	7	2	0
66	11	4495	51	7	4	490	66	11	71	0	7	4	0
69	13	4413	138	4	2	485	69	13	71	0	4	2	0
65	12	4512	56	6	3	470	65	12	73	0	6	3	0
64	18	4344	200	7	0	491	64	18	70	0	7	0	0
66	19	4473	91	5	2	468	66	19	67	0	5	2	0
60	8	4505	53	9	3	486	60	8	79	0	9	3	0
59	14	4467	78	9	3	494	59	14	74	0	9	3	0
58	14	4454	84	12	1	501	58	14	74	0	12	1	0
67	14	4400	158	8	2	475	67	14	68	0	8	2	0
61	16	4381	182	8	2	474	61	16	72	0	8	2	0
61	11	4532	34	4	1	481	61	11	82	0	4	1	0
61	11	4527	53	8	1	463	61	11	78	0	8	1	0
53	21	4033	515	5	6	491	53	21	74	0	5	6	0
65	14	4384	195	8	3	455	65	14	69	0	8	3	0
64	14	4521	61	4	1	459	64	14	76	0	4	1	0
69	12	4505	55	6	2	475	69	12	70	0	6	2	0
70	14	4463	66	7	1	503	70	14	67	0	7	1	0
58	14	4498	75	9	1	469	58	14	77	0	9	1	0
68	16	4450	81	3	2	504	68	16	70	0	3	2	0
60	16	4476	81	5	3	483	60	16	75	0	5	3	0
57	22	4022	548	4	6	465	57	22	70	0	4	6	0
59	12	4519	67	7	2	458	59	12	79	0	7	2	0
64	12	4406	163	4	3	472	64	12	76	0	4	3	0
69	12	4512	52	5	1	473	69	12	71	0	5	1	1
70	13	4516	68	3	2	452	70	13	71	0	3	2	0
61	10	4511	49	7	1	485	61	10	80	0	7	1	0
64	13	4379	168	6	1	493	64	13	74	0	6	1	1
61	16	4360	223	5	5	454	61	16	72	0	5	5	0
64	13	4373	173	10	2	489	64	13	70	0	10	2	0
71	15	4514	47	5	1	471	71	15	66	0	5	1	1
69	10	4432	126	8	4	475	69	10	67	0	8	4	1
66	14	4301	191	11	2	539	66	14	66	0	11	2	0
67	15	4493	61	4	1	483	67	15	72	0	4	1	0
72	14	4488	55	4	3	488	72	14	66	0	4	3	0
63	11	4496	54	9	2	489	63	11	74	0	9	2	0
54	13	4518	63	8	4	464	54	13	80	0	8	4	0
68	10	4529	51	8	2	456	68	10	71	0	8	2	0
72	12	4531	41	3	3	462	72	12	69	0	3	3	0
55	11	4446	151	7	4	450	55	11	81	0	7	4	1
73	12	4423	159	6	1	450	73	12	67	0	6	1	0
62	14	4435	103	9	4	497	62	14	70	0	9	4	0
62	16	4400	175	3	2	466	62	16	75	0	3	2	1
65	11	4403	154	9	3	479	65	11	71	0	9	3	0
72	12	4474	61	5	2	498	72	12	68	0	5	2	0
59	22	4017	579	7	4	436	59	22	67	0	7	4	0
51	15	4338	189	12	4	515	51	15	77	0	12	4	0
63	12	4509	74	5	5	456	63	12	74	0	5	5	0
73	14	4507	75	7	2	446	73	14	63	0	7	2	0
70	14	4420	168	9	2	441	70	14	64	0	9	2	0
61	15	4470	61	5	2	510	61	15	76	0	5	2	0
65	17	4476	68	5	1	492	65	17	71	0	5	1	0
72	18	4451	114	4	0	465	72	18	65	0	4	0	0
61	13	4360	184	10	4	492	61	13	71	0	10	4	0
70	13	4489	69	5	2	476	70	13	69	0	5	2	0
68	11	4534	50	7	1	453	68	11	71	1	7	1	0
56	16	4447	83	9	2	511	56	16	76	0	9	2	0
61	18	4026	545	11	5	458	61	18	64	0	11	5	0
65	14	4504	73	6	3	459	65	14	71	0	6	3	0
66	12	4496	55	12	1	482	66	12	68	0	12	1	0
74	13	4372	155	14	3	493	74	13	55	0	14	3	0
60	15	4399	171	10	3	466	60	15	71	0	10	3	0
68	13	4517	59	4	3	460	68	13	71	0	4	3	0
70	7	4514	27	5	1	500	70	7	75	0	5	1	1
61	14	4497	86	6	2	458	61	14	76	0	6	2	0
67	12	4487	79	7	3	469	67	12	70	0	7	3	0
72	8	4515	34	13	1	481	72	8	65	0	13	1	0
68	15	4371	189	8	4	469	68	15	64	0	8	4	0
62	14	4368	189	10	2	479	62	14	70	0	10	2	1
71	14	4414	175	5	4	441	71	14	65	0	5	4	0
64	13	4493	78	6	3	467	64	13	73	0	6	3	0
67	9	4546	46	12	0	444	67	9	71	0	12	0	0
71	8	4390	152	9	2	492	71	8	68	0	9	2	1
61	10	4519	57	5	3	469	61	10	79	0	5	3	1
73	10	4524	49	8	2	458	73	10	66	0	8	2	0
72	15	4381	155	5	2	494	72	15	65	0	5	2	0
48	14	4508	94	7	2	451	48	14	88	0	7	2	0
59	15	4504	100	7	1	438	59	15	77	0	7	1	0
63	12	4460	106	11	2	470	63	12	71	0	11	2	0
69	12	4485	57	4	1	496	69	12	71	0	4	1	2
71	11	4496	44	6	1	495	71	11	70	0	6	1	0
71	15	4475	72	9	1	481	71	15	63	0	9	1	0
66	16	4501	87	6	1	447	66	16	70	0	6	1	0
67	16	4465	75	7	2	492	67	16	67	0	7	2	0
56	14	4457	115	7	6	469	56	14	76	0	7	6	0
59	12	4491	79	10	2	471	59	12	75	0	10	2	1
70	12	4492	49	5	1	495	70	12	71	0	5	1	0
75	13	4399	153	6	2	476	75	13	63	0	6	2	0
61	15	4455	105	6	2	480	61	15	75	0	6	2	0
69	13	4424	90	6	2	520	69	13	69	0	6	2	0
68	14	4329	193	12	3	505	68	14	62	0	12	3	0
47	14	4365	211	8	5	474	47	14	85	0	8	5	0
74	11	4510	57	4	2	466	74	11	67	0	4	2	1
66	11	4515	61	5	2	464	66	11	75	0	5	2	0
66	12	4489	64	10	3	480	66	12	68	0	10	3	0
71	11	4480	45	7	2	508	71	11	68	0	7	2	0
61	12	4529	72	9	2	439	61	12	75	0	9	2	0
74	14	4505	78	3	2	448	74	14	66	0	3	2	0
75	10	4486	48	9	2	494	75	10	62	0	9	2	1
68	13	4448	120	5	3	467	68	13	70	0	5	3	0
66	15	4312	217	7	2	505	66	15	68	0	7	2	1
68	17	4361	181	4	4	489	68	17	66	0	4	4	0
66	12	4506	55	6	2	477	66	12	72	0	6	2	1
64	12	4414	138	9	3	484	64	12	71	0	9	3	0
63	19	3866	682	6	8	480	63	19	63	0	6	8	0
71	12	4451	92	6	2	490	71	12	68	0	6	2	0
70	16	4473	80	4	1	480	70	16	68	0	4	1	0
73	13	4402	166	6	3	461	73	13	64	0	6	3	0
70	9	4504	37	9	0	495	70	9	71	0	9	0	0
64	16	4484	76	7	1	476	64	16	71	0	7	1	0
67	11	4506	43	7	1	489	67	11	73	0	7	1	0
64	15	4426	116	5	3	495	64	15	72	0	5	3	0
66	10	4542	45	7	4	450	66	10	72	0	7	4	0
62	13	4463	98	6	2	480	62	13	76	0	6	2	0
69	14	4500	52	6	1	482	69	14	69	0	6	1	0
69	10	4498	69	10	1	467	69	10	69	0	10	1	0
70	8	4389	148	13	2	494	70	8	66	0	13	2	0
67	15	4500	68	6	1	467	67	15	70	0	6	1	0
74	12	4462	52	7	2	515	74	12	64	0	7	2	0
52	27	4034	540	5	6	460	52	27	69	0	5	6	0
66	12	4382	162	7	4	491	66	12	70	0	7	4	0
61	23	4014	534	4	5	483	61	23	65	0	4	5	1
67	14	4489	60	8	2	484	67	14	68	0	8	2	0
64	14	4474	81	10	2	479	64	14	69	0	10	2	0
68	10	4507	50	8	0	481	68	10	73	0	8	0	0
73	10	4486	55	11	2	487	73	10	63	0	11	2	0
65	10	4552	40	8	2	447	65	10	74	0	8	2	0
71	12	4451	87	6	3	494	71	12	67	0	6	3	0
73	11	4532	41	7	0	460	73	11	68	0	7	0	0
65	15	4535	66	6	0	437	65	15	73	0	6	0	0
70	11	4517	40	5	2	479	70	11	71	0	5	2	0
65	12	4435	64	7	3	538	65	12	72	0	7	3	0
62	11	4511	69	8	3	460	62	11	74	0	8	3	1
72	12	4481	64	4	1	490	72	12	70	0	4	1	0
63	16	4384	171	4	4	482	63	16	72	0	4	4	0
68	14	4413	158	5	2	464	68	14	70	0	5	2	0
73	15	4505	74	5	1	451	73	15	65	0	5	1	0
59	14	4395	150	6	3	497	59	14	77	0	6	3	0
51	14	4483	86	8	1	481	51	14	85	0	8	1	0
61	18	4375	170	9	0	491	61	18	71	0	9	0	0
59	21	4286	252	6	3	497	59	21	70	0	6	3	0
64	13	4398	168	7	3	471	64	13	72	0	7	3	0
66	12	4495	57	9	2	483	66	12	70	0	9	2	0
71	12	4527	56	4	3	451	71	12	69	0	4	3	0
70	13	4489	64	6	3	479	70	13	66	0	6	3	1
74	10	4503	44	8	1	484	74	10	66	0	8	1	0
71	12	4479	68	5	2	487	71	12	69	0	5	2	0
72	14	4459	88	5	1	485	72	14	67	0	5	1	0
67	18	4487	94	4	2	452	67	18	67	0	4	2	1
71	9	4502	62	7	2	471	71	9	70	0	7	2	0
77	11	4490	38	5	2	501	77	11	64	0	5	2	0
70	11	4493	54	7	2	487	70	11	69	0	7	2	0
63	16	4507	79	7	2	450	63	16	71	0	7	2	0
65	16	4398	170	6	3	466	65	16	68	1	6	3	0
65	14	4476	77	5	3	484	65	14	70	0	5	3	2
68	15	4491	63	4	2	481	68	15	70	0	4	2	0
69	9	4517	56	7	3	463	69	9	71	0	7	3	0
67	11	4435	164	6	3	438	67	11	72	0	6	3	0
70	14	4536	46	8	1	449	70	14	66	0	8	1	0
64	12	4491	52	9	2	494	64	12	72	0	9	2	0
58	17	4485	86	5	1	472	58	17	78	0	5	1	0
62	10	4528	56	10	2	456	62	10	75	0	10	2	0
76	12	4535	45	5	2	449	76	12	64	0	5	2	0
67	21	4424	124	5	2	481	67	21	64	0	5	2	0
71	14	4465	67	5	2	500	71	14	67	0	5	2	0
68	15	4407	161	7	3	463	68	15	66	0	7	3	0
59	15	4478	101	9	2	460	59	15	74	0	9	2	0
67	13	4494	74	6	1	469	67	13	72	0	6	1	0
65	14	4516	48	6	1	474	65	14	73	0	6	1	0
66	13	4427	85	6	4	523	66	13	70	0	6	4	0
64	14	4407	162	9	2	466	64	14	70	0	9	2	0
62	15	4518	59	2	2	466	62	15	78	0	2	2	0
65	19	4308	241	6	2	483	65	19	67	0	6	2	0
60	18	4331	205	8	3	499	60	18	70	0	8	3	0
65	11	4441	100	10	1	496	65	11	72	0	10	1	0
54	22	3996	538	7	5	502	54	22	70	0	7	5	1
69	12	4381	169	8	3	482	69	12	67	0	8	3	0
67	16	4484	74	4	1	478	67	16	71	0	4	1	0
70	13	4510	54	5	2	470	70	13	69	0	5	2	0
64	16	4494	77	4	1	468	64	16	74	0	4	1	0
68	11	4478	62	7	0	498	68	11	73	0	7	0	0
60	18	4467	111	5	1	462	60	18	75	0	5	1	0
66	17	4508	78	3	3	449	66	17	70	0	3	3	0
63	10	4388	170	10	3	480	63	10	72	0	10	3	1
53	22	3780	742	12	6	509	53	22	66	0	12	6	0
66	12	4428	97	7	1	513	66	12	73	0	7	1	0
71	12	4482	62	5	3	489	71	12	68	0	5	3	0
72	10	4478	57	9	0	498	72	10	67	0	9	0	1
59	12	4527	65	6	2	453	59	12	80	0	6	2	0
64	12	4539	55	6	1	447	64	12	75	0	6	1	1
65	13	4380	171	7	3	485	65	13	69	0	7	3	2
57	13	4404	171	4	3	472	57	13	81	0	4	3	1
71	14	4486	57	5	1	490	71	14	68	0	5	1	0
63	13	4519	48	10	3	468	63	13	69	0	10	3	1
61	18	4481	75	7	3	479	61	18	69	0	7	3	1
71	12	4511	45	2	2	481	71	12	72	0	2	2	0
63	12	4387	165	7	3	487	63	12	74	0	7	3	0
69	17	4353	222	4	2	457	69	17	67	0	4	2	0
61	12	4513	76	4	1	457	61	12	81	0	4	1	0
70	17	4305	240	7	2	483	70	17	63	0	7	2	0
69	11	4517	55	10	3	459	69	11	66	0	10	3	0
66	15	4505	57	6	0	475	66	15	72	0	6	0	0
62	20	4296	233	7	4	502	62	20	66	0	7	4	0
64	12	4462	90	6	3	487	64	12	74	0	6	3	0
71	17	4444	74	5	2	511	71	17	64	0	5	2	0
61	12	4480	72	9	2	488	61	12	75	0	9	2	0
76	10	4483	64	4	2	485	76	10	67	0	4	2	0
63	16	4374	205	9	4	453	63	16	67	0	9	4	0
62	10	4497	51	9	3	492	62	10	75	0	9	3	0
62	15	4341	206	7	2	491	62	15	73	0	7	2	0
72	10	4547	47	11	0	437	72	10	65	0	11	0	1
65	12	4455	69	10	1	512	65	12	70	0	10	1	1
76	9	4488	46	9	0	496	76	9	64	0	9	0	1
65	13	4498	60	5	1	482	65	13	74	0	5	1	1
68	16	4330	236	8	5	461	68	16	62	0	8	5	0
68	13	4512	65	6	3	457	68	13	69	0	6	3	0
62	9	4473	82	9	2	487	62	9	77	0	9	2	0
67	13	4460	50	6	2	526	67	13	71	0	6	2	0
70	13	4526	60	4	2	449	70	13	70	0	4	2	0
66	12	4365	159	4	3	515	66	12	73	0	4	3	1
68	12	4501	76	5	3	459	68	12	71	0	5	3	0
53	22	4017	567	8	7	450	53	22	69	0	8	7	0
65	16	4509	61	3	4	466	65	16	71	0	3	4	0
68	14	4457	95	7	2	481	68	14	68	0	7	2	0
67	15	4377	176	4	2	483	67	15	71	0	4	2	0
60	15	4379	203	6	6	455	60	15	72	0	6	6	0
56	10	4488	58	15	1	496	56	10	77	0	15	1	0
70	12	4498	52	8	2	482	70	12	67	0	8	2	0
61	11	4507	79	7	1	458	61	11	79	0	7	1	0
67	15	4383	173	7	2	477	67	15	68	0	7	2	0
63	11	4534	61	4	3	448	63	11	78	0	4	3	0
69	13	4498	81	7	3	453	69	13	67	0	7	3	0
68	16	4452	87	6	0	495	68	16	68	0	6	0	1
70	11	4472	60	7	1	503	70	11	70	0	7	1	0
68	9	4515	50	8	1	473	68	9	73	0	8	1	0
62	14	4345	199	8	5	491	62	14	69	0	8	5	1
64	11	4340	184	12	2	511	64	11	69	0	12	2	1
64	12	4517	49	6	3	473	64	12	74	0	6	3	0
66	12	4405	156	7	5	473	66	12	69	0	7	5	0
66	12	4499	68	2	2	475	66	12	77	0	2	2	0
74	11	4514	56	8	3	458	74	11	63	0	8	3	0
63	16	4356	207	4	5	473	63	16	71	0	4	5	0
65	14	4389	191	4	3	458	65	14	72	0	4	3	1
64	11	4490	53	7	2	497	64	11	75	0	7	2	0
71	9	4525	53	6	3	457	71	9	69	0	6	3	1
54	19	4493	108	2	3	445	54	19	81	0	2	3	0
73	11	4508	39	6	1	486	73	11	68	0	6	1	0
66	14	4352	180	7	2	503	66	14	69	0	7	2	1
69	18	3864	664	4	7	498	69	18	61	0	4	7	0
75	12	4515	43	6	1	472	75	12	65	0	6	1	0
65	12	4349	176	8	6	508	65	12	67	0	8	6	1
63	14	4474	83	8	1	481	63	14	73	0	8	1	0
65	13	4361	188	13	4	480	65	13	64	0	13	4	0
75	13	4363	180	7	2	484	75	13	62	0	7	2	0
66	13	4477	91	4	4	469	66	13	72	0	4	4	0
67	13	4515	69	6	2	452	67	13	71	0	6	2	0
61	10	4528	48	8	2	467	61	10	78	0	8	2	0
63	11	4472	80	7	4	487	63	11	74	0	7	4	0
66	14	4480	62	7	2	493	66	14	70	0	7	2	0
75	12	4455	41	9	2	530	75	12	61	0	9	2	0
59	15	4459	115	7	1	468	59	15	77	0	7	1	0
67	11	4485	65	6	3	487	67	11	72	0	6	3	0
65	15	4525	54	7	1	457	65	15	71	0	7	1	0
73	10	4520	46	6	0	469	73	10	69	0	6	0	1
70	15	4490	59	2	2	486	70	15	70	0	2	2	0
67	13	4369	195	5	6	469	67	13	68	0	5	6	0
64	12	4378	166	5	4	495	64	12	74	0	5	4	0
72	9	4515	44	5	3	476	72	9	70	0	5	3	0
72	11	4492	46	9	1	493	72	11	66	0	9	1	0
67	16	4477	66	5	0	493	67	16	70	0	5	0	1
62	19	4051	493	8	4	487	62	19	66	0	8	4	0
63	15	4437	101	12	0	496	63	15	69	0	12	0	0
60	17	4496	94	2	3	452	60	17	77	0	2	3	0
59	20	4314	242	4	2	483	59	20	74	0	4	2	0
70	12	4371	167	5	4	495	70	12	68	0	5	4	0
64	15	4483	72	10	0	480	64	15	70	0	10	0	0
61	12	4475	68	8	2	498	61	12	76	0	8	2	0
67	11	4522	51	6	3	464	67	11	72	0	6	3	0
68	15	4495	74	6	2	464	68	15	67	0	6	2	1
64	11	4386	187	9	3	464	64	11	72	0	9	3	0
63	10	4539	60	6	1	445	63	10	79	0	6	1	0
64	13	4502	75	9	1	460	64	13	72	0	9	1	0
46	23	3841	708	6	9	491	46	23	75	0	6	9	0
71	11	4538	42	7	0	455	71	11	70	0	7	0	0
55	12	4528	56	6	1	466	55	12	85	0	6	1	0
69	12	4497	85	6	4	451	69	12	67	0	6	4	1
56	21	4016	542	7	5	477	56	21	70	0	7	5	0
65	14	4469	94	8	2	472	65	14	70	0	8	2	0
68	10	4503	43	7	2	491	68	10	71	0	7	2	1
75	10	4518	49	5	3	464	75	10	65	0	5	3	1
50	22	3902	634	8	6	502	50	22	72	0	8	6	1
69	11	4518	57	9	1	459	69	11	69	0	9	1	0
63	13	4506	81	8	1	452	63	13	74	0	8	1	0
68	11	4393	159	5	3	485	68	11	72	0	5	3	0
71	13	4442	108	8	4	478	71	13	63	0	8	4	0
60	21	4010	524	4	7	498	60	21	67	0	4	7	0
66	11	4429	151	5	4	458	66	11	73	0	5	4	0
55	21	3837	712	9	8	482	55	21	66	0	9	8	0
62	13	4486	58	7	2	496	62	13	74	0	7	2	1
71	11	4439	99	11	2	491	71	11	64	0	11	2	0
70	16	4488	73	7	1	469	70	16	65	0	7	1	0
59	11	4523	56	8	2	465	59	11	79	0	8	2	0
69	9	4497	62	8	2	477	69	9	71	0	8	2	0
58	21	3989	560	8	11	477	58	21	61	0	8	11	0
56	13	4506	78	8	2	461	56	13	80	0	8	2	0
67	12	4438	150	9	3	445	67	12	68	0	9	3	0
61	19	4242	339	8	5	450	61	19	65	0	8	5	1
54	9	4415	160	9	2	475	54	9	85	0	9	2	0
61	14	4438	101	9	0	501	61	14	75	0	9	0	0
57	16	4400	171	8	0	472	57	16	78	0	8	0	0
69	12	4374	164	11	2	492	69	12	65	0	11	2	0
58	14	4477	68	6	2	499	58	14	79	0	6	2	0
74	13	4340	199	8	2	488	74	13	61	0	8	2	1
64	12	4477	111	9	1	450	64	12	72	0	9	1	1
69	12	4522	47	9	0	465	69	12	69	0	9	0	0
67	9	4503	55	9	2	479	67	9	72	0	9	2	0
64	13	4393	176	7	4	467	64	13	71	0	7	4	0
69	13	4403	182	4	4	449	69	13	69	0	4	4	0
78	10	4507	38	11	1	479	78	10	59	0	11	1	0
72	5	4488	42	12	2	503	72	5	68	0	12	2	0
71	15	4477	50	2	3	506	71	15	68	0	2	3	0
61	12	4483	86	6	3	473	61	12	76	0	6	3	1
63	13	4482	72	6	2	486	63	13	74	0	6	2	1
48	18	3927	636	7	9	479	48	18	77	0	7	9	0
67	11	4482	87	7	3	467	67	11	71	0	7	3	0
61	14	4313	194	9	2	531	61	14	73	0	9	2	0
67	11	4498	43	8	4	493	67	11	69	0	8	4	0
62	15	4341	200	5	5	496	62	15	72	0	5	5	0
71	9	4516	34	8	1	485	71	9	70	0	8	1	0
68	15	4473	77	5	0	486	68	15	70	0	5	0	1
67	12	4479	58	8	0	500	67	12	72	0	8	0	0
66	9	4506	55	10	1	477	66	9	73	0	10	1	0
56	23	4020	520	7	3	495	56	23	69	0	7	3	1
64	17	4379	191	7	4	462	64	17	67	0	7	4	0
66	10	4507	54	8	1	478	66	10	74	0	8	1	0
65	12	4515	58	9	3	462	65	12	69	0	9	3	1
63	21	4048	518	6	3	465	63	21	66	0	6	3	0
57	17	3927	642	9	8	464	57	17	68	0	9	8	0
68	17	4458	109	4	2	466	68	17	68	0	4	2	0
63	13	4492	65	6	2	483	63	13	75	0	6	2	0
73	14	4465	56	3	2	511	73	14	67	0	3	2	0
73	13	4479	76	5	3	475	73	13	65	0	5	3	0
70	11	4534	49	4	1	455	70	11	73	0	4	1	0
60	13	4514	64	9	1	463	60	13	76	0	9	1	0
68	14	4464	81	3	3	491	68	14	70	0	3	3	1
67	12	4372	163	8	3	499	67	12	69	0	8	3	0
51	9	4552	36	7	1	468	51	9	90	0	7	1	1
63	15	4468	101	5	4	468	63	15	72	0	5	4	0
65	13	4497	59	9	1	480	65	13	71	0	9	1	0
66	12	4514	50	6	2	474	66	12	73	0	6	2	0
71	12	4507	64	11	1	458	71	12	64	0	11	1	0
70	14	4465	74	6	2	493	70	14	67	0	6	2	0
72	12	4508	50	6	1	475	72	12	67	0	6	1	1
68	13	4505	57	6	1	474	68	13	71	0	6	1	0
67	16	4352	193	11	4	481	67	16	61	0	11	4	0
65	15	4502	75	3	3	461	65	15	72	0	3	3	1
66	11	4515	48	11	0	473	66	11	71	0	11	0	0
64	19	4483	88	7	1	462	64	19	67	0	7	1	1
63	16	4457	91	4	1	492	63	16	75	0	4	1	0
53	19	4036	521	7	7	481	53	19	73	0	7	7	0
71	12	4486	70	7	1	477	71	12	68	0	7	1	0
66	12	4515	67	6	2	456	66	12	73	0	6	2	0
70	14	4480	76	5	2	477	70	14	68	0	5	2	0
61	24	4019	522	4	6	488	61	24	64	0	4	6	0
65	14	4483	68	8	2	484	65	14	70	0	8	2	0
72	11	4523	41	6	1	470	72	11	69	0	6	1	0
61	19	4456	92	5	1	490	61	19	73	0	5	1	0
64	10	4532	63	10	2	443	64	10	73	0	10	2	0
70	12	4480	83	5	1	473	70	12	71	0	5	1	0
68	12	4433	101	7	5	498	68	12	67	0	7	5	0
71	13	4460	81	7	1	491	71	13	67	0	7	1	0
63	12	4326	210	7	8	498	63	12	69	0	7	8	0
65	8	4500	41	10	1	499	65	8	75	0	10	1	0
68	11	4510	39	9	2	485	68	11	69	0	9	2	0
69	11	4463	80	8	3	490	69	11	68	0	8	3	0
66	10	4505	57	8	1	477	66	10	74	0	8	1	0
63	13	4485	51	5	1	506	63	13	77	0	5	1	0
58	17	4487	88	8	1	465	58	17	75	0	8	1	0
67	10	4406	156	6	3	476	67	10	72	0	6	3	1
74	14	4468	59	2	1	506	74	14	68	0	2	1	0
71	12	4515	56	5	2	463	71	12	69	0	5	2	0
68	13	4476	58	9	2	498	68	13	67	0	9	2	0
59	18	3876	652	8	7	504	59	18	67	0	8	7	0
75	15	4495	66	7	2	464	75	15	60	0	7	2	0
59	10	4466	86	11	3	489	59	10	76	0	11	3	0
52	28	3764	834	6	10	430	52	28	63	0	6	10	0
57	17	4449	121	7	2	471	57	17	76	0	7	2	0
72	14	4506	57	4	2	469	72	14	67	0	4	2	0
58	19	4334	225	3	4	481	58	19	74	0	3	4	1
63	18	4230	363	5	5	440	63	18	68	0	5	5	0
65	15	4458	78	5	2	501	65	15	72	0	5	2	0
62	16	4464	77	6	4	495	62	16	71	0	6	4	0
70	15	4406	170	4	1	458	70	15	69	0	4	1	0
59	21	3987	604	8	9	436	59	21	62	0	8	9	0
72	13	4334	198	11	2	494	72	13	61	0	11	2	0
71	14	4504	78	5	1	451	71	14	68	0	5	1	0
68	13	4491	68	6	3	475	68	13	69	0	6	3	0
72	11	4537	50	6	2	446	72	11	68	0	6	2	0
60	13	4338	222	10	3	478	60	13	73	0	10	3	0
53	21	4022	559	6	5	458	53	21	73	0	6	5	1
73	11	4503	66	5	5	461	73	11	65	0	5	5	0
68	11	4498	50	9	1	487	68	11	70	0	9	1	0
58	16	4471	96	7	4	472	58	16	74	0	7	4	0
66	16	4463	98	6	3	472	66	16	68	0	6	3	0
52	13	4510	60	7	1	481	52	13	86	0	7	1	0
68	15	4442	91	5	2	501	68	15	69	0	5	2	0
72	13	4432	95	6	4	502	72	13	64	0	6	4	0
65	11	4548	51	6	1	442	65	11	75	0	6	1	1
66	12	4479	55	9	0	503	66	12	72	0	9	0	0
72	10	4511	50	9	0	472	72	10	68	0	9	0	0
66	13	4509	63	6	0	467	66	13	73	0	6	0	1
67	16	4391	198	9	4	439	67	16	63	0	9	4	0
63	12	4410	169	7	1	462	63	12	76	0	7	1	0
65	14	4344	190	7	5	499	65	14	68	0	7	5	0
59	17	4439	92	13	2	502	59	17	68	0	13	2	0
53	21	4396	161	6	3	484	53	21	76	0	6	3	0
72	9	4507	36	7	2	491	72	9	69	0	7	2	0
69	14	4484	72	5	1	479	69	14	70	0	5	1	0
67	13	4355	192	10	1	486	67	13	67	0	10	1	1
61	15	4415	149	7	2	475	61	15	74	0	7	2	0
67	12	4517	46	7	2	473	67	12	70	1	7	2	0
69	14	4389	172	9	1	470	69	14	65	0	9	1	1
69	14	4507	45	9	0	480	69	14	67	0	9	0	0
68	15	4385	149	3	2	502	68	15	70	0	3	2	1
68	12	4465	49	11	1	518	68	12	67	0	11	1	0
64	11	4520	39	7	1	482	64	11	76	0	7	1	0
65	13	4465	88	8	2	483	65	13	71	0	8	2	0
67	11	4531	37	5	1	472	67	11	75	0	5	1	0
68	15	4351	205	5	2	478	68	15	68	0	5	2	1
68	12	4496	42	9	1	496	68	12	69	0	9	1	0
59	18	4383	183	3	2	476	59	18	77	0	3	2	0
67	16	4510	66	6	1	458	67	16	68	0	6	1	1
59	14	4496	61	6	2	486	59	14	78	0	6	2	0
67	13	4404	164	6	2	468	67	13	71	0	6	2	0
67	19	4122	391	7	5	513	67	19	61	0	7	5	0
57	10	4518	59	6	2	472	57	10	83	0	6	2	1
67	11	4527	46	6	2	465	67	11	73	0	6	2	0
68	9	4396	143	9	2	497	68	9	71	0	9	2	0
72	12	4526	35	6	1	472	72	12	68	0	6	1	0
69	11	4477	70	10	1	486	69	11	68	0	10	1	0
69	14	4487	97	7	2	448	69	14	67	0	7	2	0
52	14	4333	235	14	5	471	52	14	74	0	14	5	0
60	16	4465	82	7	4	490	60	16	72	0	7	4	0
52	24	3863	726	7	9	443	52	24	67	0	7	9	0
67	11	4517	48	7	2	472	67	11	72	0	7	2	0
56	16	4372	108	8	5	559	56	16	74	0	8	5	0
68	10	4514	56	6	2	468	68	10	73	0	6	2	0
55	21	3834	734	7	10	463	55	21	66	0	7	10	0
67	12	4511	57	9	3	465	67	12	67	0	9	3	1
69	10	4506	45	7	1	486	69	10	72	0	7	1	0
61	17	4487	90	2	1	466	61	17	78	0	2	1	0
66	15	4376	192	9	2	464	66	15	67	0	9	2	0
72	10	4536	46	5	3	452	72	10	69	0	5	3	0
64	15	4472	60	5	1	507	64	15	74	0	5	1	0
66	11	4498	71	7	1	470	66	11	74	0	7	1	0
63	11	4415	162	10	5	458	63	11	70	0	10	5	0
60	20	4026	520	5	5	488	60	20	69	0	5	5	0
67	12	4488	60	6	3	488	67	12	71	0	6	3	0
69	12	4479	76	9	3	476	69	12	66	0	9	3	0
64	15	4342	234	8	3	458	64	15	69	0	8	3	0
64	14	4380	182	9	3	472	64	14	69	0	9	3	0
60	10	4404	166	8	3	473	60	10	78	0	8	3	0
70	13	4361	193	5	3	479	70	13	68	0	5	3	0
65	11	4489	65	7	0	487	65	11	76	0	7	0	0
72	10	4477	89	9	4	463	72	10	64	0	9	4	0
56	21	4029	533	5	5	475	56	21	72	0	5	5	0
67	14	4483	91	8	1	460	67	14	69	0	8	1	0
65	12	4497	45	5	2	498	65	12	74	0	5	2	1
72	13	4484	60	4	3	488	72	13	67	0	4	3	0
70	12	4500	50	7	1	484	70	12	69	0	7	1	0
56	28	3765	814	5	7	449	56	28	62	0	5	7	1
60	16	4329	220	6	3	490	60	16	74	0	6	3	0
68	10	4486	77	10	0	473	68	10	70	0	10	0	1
71	13	4501	64	6	4	465	71	13	65	0	6	4	0
59	13	4470	70	10	1	501	59	13	76	0	10	1	0
72	10	4493	63	6	2	478	72	10	69	0	6	2	0
61	12	4522	54	9	1	465	61	12	76	0	9	1	0
66	12	4393	172	9	2	470	66	12	70	0	9	2	0
71	12	4369	161	5	4	502	71	12	66	0	5	4	1
73	12	4418	140	6	1	474	73	12	67	0	6	1	0
66	11	4417	141	8	3	478	66	11	71	0	8	3	0
63	15	4506	77	5	2	456	63	15	74	0	5	2	0
61	13	4384	188	7	5	466	61	13	73	0	7	5	0
65	12	4427	124	9	3	484	65	12	70	0	9	3	0
64	11	4430	155	5	3	456	64	11	76	0	5	3	0
60	11	4547	73	5	4	424	60	11	79	0	5	4	0
69	12	4381	166	9	3	484	69	12	66	0	9	3	0
65	16	4485	95	4	2	457	65	16	71	0	4	2	1
56	14	4307	239	13	4	491	56	14	72	0	13	4	0
70	14	4524	62	5	2	447	70	14	68	0	5	2	0
69	9	4519	37	7	2	481	69	9	72	0	7	2	0
56	11	4506	51	13	3	484	56	11	76	0	13	3	0
69	13	4390	185	5	2	460	69	13	69	0	5	2	1
72	9	4524	40	9	1	469	72	9	68	0	9	1	0
70	13	4505	51	7	1	477	70	13	68	0	7	1	0
73	12	4392	164	8	2	473	73	12	64	0	8	2	0
69	20	4055	497	5	5	473	69	20	60	0	5	5	0
59	18	4462	87	5	4	489	59	18	73	0	5	4	0
67	14	4496	78	3	2	464	67	14	72	0	3	2	1
65	18	4358	220	5	6	452	65	18	64	0	5	6	1
71	14	4530	54	1	2	452	71	14	71	0	1	2	0
57	18	4012	588	8	4	437	57	18	71	0	8	4	1
73	15	4473	82	3	3	475	73	15	65	0	3	3	0
72	12	4488	73	6	4	469	72	12	64	0	6	4	1
67	15	4368	184	4	1	485	67	15	71	0	4	1	1
73	15	4490	65	4	1	476	73	15	66	0	4	1	0
63	16	4402	155	3	2	483	63	16	75	0	3	2	0
62	10	4541	36	10	2	463	62	10	75	0	10	2	0
66	11	4512	65	7	2	461	66	11	73	0	7	2	0
64	15	4510	76	7	2	450	64	15	71	0	7	2	0
71	15	4392	151	8	2	485	71	15	63	0	8	2	0
71	14	4541	39	6	1	452	71	14	66	0	6	1	1
70	13	4516	59	5	3	458	70	13	68	0	5	3	0
60	12	4506	47	5	2	492	60	12	79	0	5	2	1
62	15	4475	93	9	3	467	62	15	70	0	9	3	0
63	14	4459	128	7	3	450	63	14	72	0	7	3	0
70	14	4515	83	5	1	436	70	14	69	0	5	1	0
66	15	4389	193	5	3	453	66	15	70	0	5	3	0
63	12	4518	67	10	5	449	63	12	69	0	10	5	0
56	10	4490	63	9	2	494	56	10	82	0	9	2	0
73	14	4483	68	4	2	480	73	14	66	0	4	2	0
73	13	4394	141	6	4	493	73	13	63	0	6	4	0
69	9	4541	35	7	1	462	69	9	73	0	7	1	0
71	8	4511	41	10	2	481	71	8	68	0	10	2	0
61	20	4453	91	7	1	491	61	20	70	0	7	1	0
61	16	4481	101	9	3	453	61	16	69	0	9	3	1
62	11	4351	155	11	4	530	62	11	71	0	11	4	0
64	12	4485	77	5	2	479	64	12	76	0	5	2	0
68	11	4555	44	7	3	436	68	11	70	0	7	3	0
67	10	4462	58	10	4	513	67	10	68	0	10	4	0
66	9	4530	49	7	1	462	66	9	76	0	7	1	0
52	13	4355	217	8	3	476	52	13	82	0	8	3	1
76	13	4436	77	7	1	514	76	13	62	0	7	1	0
69	14	4486	79	6	2	468	69	14	68	0	6	2	0
70	15	4449	63	7	3	517	70	15	64	0	7	3	0
68	17	4466	99	8	2	464	68	17	64	0	8	2	0
64	11	4479	44	7	2	517	64	11	75	0	7	2	0
67	15	4380	161	5	3	493	67	15	69	0	5	3	0
69	10	4521	47	8	2	467	69	10	70	0	8	2	0
71	14	4384	173	4	7	471	71	14	63	0	4	7	0
70	16	4457	82	7	2	490	70	16	64	0	7	2	0
64	14	4455	96	8	3	484	64	14	70	0	8	3	0
70	12	4505	46	4	1	486	70	12	72	0	4	1	0
53	25	3964	629	6	7	440	53	25	68	0	6	7	0
65	15	4479	88	9	3	465	65	15	67	0	9	3	0
59	16	4335	231	8	3	472	59	16	73	0	8	3	0
53	12	4399	165	12	3	480	53	12	79	0	12	3	0
73	14	4503	75	3	4	452	73	14	65	0	3	4	0
59	15	4473	84	7	1	485	59	15	77	0	7	1	0
62	15	4499	79	7	0	462	62	15	75	0	7	0	0
57	16	4364	201	6	5	475	57	16	75	0	6	5	0
64	11	4477	47	5	2	518	64	11	76	0	5	2	1
69	12	4485	86	9	1	462	69	12	68	0	9	1	0
64	14	4484	60	7	2	493	64	14	72	0	7	2	0
65	12	4362	173	9	1	502	65	12	72	0	9	1	0
53	9	4477	86	12	1	486	53	9	84	0	12	1	0
69	11	4337	186	11	1	509	69	11	65	0	11	1	2
59	11	4509	66	6	1	472	59	11	82	0	6	1	0
55	22	4016	519	9	5	498	55	22	68	0	9	5	0
68	9	4520	33	7	1	486	68	9	74	0	7	1	0
66	13	4489	95	6	2	453	66	13	71	0	6	2	1
63	15	4462	91	5	2	486	63	15	74	0	5	2	0
72	12	4493	62	6	4	475	72	12	65	0	6	4	0
74	15	4481	70	5	3	476	74	15	62	0	5	3	0
63	13	4488	83	8	1	468	63	13	74	0	8	1	0
63	12	4389	160	8	2	490	63	12	74	0	8	2	0
56	15	4477	94	4	1	477	56	15	83	0	4	1	0
67	13	4406	148	5	2	483	67	13	72	0	5	2	0
62	9	4536	48	10	4	455	62	9	74	0	10	4	0
66	15	4473	87	4	4	475	66	15	70	0	4	4	0
75	15	4507	53	3	1	470	75	15	65	0	3	1	0
69	11	4434	143	8	0	459	69	11	71	0	8	0	0
73	12	4375	179	7	2	476	73	12	65	0	7	2	0
68	19	4001	522	3	6	505	68	19	62	0	3	6	1
63	14	4516	73	5	3	450	63	14	74	0	5	3	0
64	10	4462	107	13	1	467	64	10	71	0	13	1	0
69	17	4450	108	5	1	474	69	17	67	0	5	1	0
74	9	4415	138	8	3	477	74	9	65	0	8	3	0
71	13	4487	66	6	3	478	71	13	66	0	6	3	0
63	10	4420	149	9	4	469	63	10	73	0	9	4	0
76	11	4405	153	7	1	471	76	11	64	0	7	1	0
66	14	4350	183	7	4	500	66	14	68	0	7	4	0
71	7	4491	34	10	2	509	71	7	69	0	10	2	0
59	23	3932	608	10	7	485	59	23	60	0	10	7	0
64	14	4348	179	8	3	508	64	14	70	0	8	3	0
66	16	4366	200	6	4	466	66	16	67	0	6	4	0
60	11	4540	43	10	0	460	60	11	78	0	10	0	0
68	13	4480	62	6	1	494	68	13	71	0	6	1	0
64	13	4452	78	11	3	503	64	13	68	0	11	3	0
71	8	4467	55	10	3	510	71	8	67	0	10	3	0
65	13	4492	66	6	2	480	65	13	73	0	6	2	0
66	16	4368	173	5	3	493	66	16	69	0	5	3	0
62	14	4503	46	6	2	491	62	14	75	0	6	2	0
73	12	4541	27	4	1	466	73	12	69	0	4	1	0
60	22	3987	542	5	9	499	60	22	63	0	5	9	0
70	14	4498	64	6	2	470	70	14	67	0	6	2	0
69	16	4469	78	6	2	484	69	16	65	0	6	2	1
69	10	4485	54	12	0	494	69	10	67	0	12	0	1
60	10	4495	56	7	3	493	60	10	78	0	7	3	1
67	18	4412	127	6	2	492	67	18	66	0	6	2	0
65	15	4489	76	5	2	472	65	15	72	0	5	2	0
66	16	4513	76	3	1	449	66	16	73	0	3	1	0
62	11	4489	57	10	2	493	62	11	74	0	10	2	0
72	11	4449	131	4	2	455	72	11	70	0	4	2	0
64	18	4452	82	5	1	502	64	18	71	0	5	1	0
64	13	4486	61	8	1	491	64	13	73	0	8	1	0
73	12	4513	43	6	0	477	73	12	68	0	6	0	0
56	14	4485	81	10	1	477	56	14	78	0	10	1	0
60	24	3757	781	6	10	486	60	24	59	0	6	10	0
71	15	4314	244	8	6	466	71	15	58	0	8	6	1
60	21	3881	643	10	8	501	60	21	59	0	10	8	1
60	9	4509	72	8	1	465	60	9	80	0	8	1	1
59	8	4537	46	5	3	466	59	8	84	0	5	3	0
60	24	3893	676	8	10	453	60	24	57	0	8	10	0
67	13	4472	66	5	3	498	67	13	71	0	5	3	0
66	13	4426	102	9	3	505	66	13	68	0	9	3	0
63	15	4371	186	7	2	480	63	15	71	0	7	2	1
65	9	4495	65	10	1	479	65	9	74	0	10	1	0
65	12	4507	93	6	0	441	65	12	76	0	6	0	0
72	14	4394	157	6	3	478	72	14	64	0	6	3	0
56	12	4485	75	6	4	486	56	12	81	0	6	4	0
57	20	4068	497	4	6	472	57	20	72	0	4	6	0
61	14	4503	60	5	2	479	61	14	76	0	5	2	1
62	9	4514	40	8	2	489	62	9	78	0	8	2	0
62	13	4355	184	8	3	499	62	13	73	0	8	3	0
59	12	4513	56	6	1	477	59	12	81	0	6	1	0
66	15	4485	78	6	1	473	66	15	70	0	6	1	1
53	14	4387	189	9	3	469	53	14	80	0	9	3	0
73	11	4396	156	7	2	479	73	11	66	0	7	2	0
52	23	3884	683	4	13	465	52	23	67	0	4	13	0
64	12	4462	91	8	1	486	64	12	73	0	8	1	1
54	15	4388	200	5	3	459	54	15	82	0	5	3	0
52	17	4024	562	6	9	454	52	17	75	0	6	9	0
71	14	4505	73	7	1	453	71	14	66	0	7	1	0
67	13	4474	84	14	1	471	67	13	63	0	14	1	1
61	13	4458	88	9	1	494	61	13	75	0	9	1	0
61	11	4504	60	6	1	481	61	11	79	0	6	1	1
70	14	4517	60	3	4	456	70	14	68	0	3	4	0
60	8	4551	47	12	1	445	60	8	78	0	12	1	0
75	10	4494	53	6	2	484	75	10	66	0	6	2	0
69	16	4477	82	4	1	475	69	16	68	0	4	1	1
61	16	4466	101	7	2	471	61	16	72	0	7	2	1
68	15	4474	74	6	1	486	68	15	69	0	6	1	0
69	14	4463	51	8	1	518	69	14	67	0	8	1	0
70	13	4498	61	6	1	475	70	13	69	0	6	1	0
70	12	4554	40	4	1	443	70	12	72	0	4	1	0
59	17	4520	82	6	1	439	59	17	76	0	6	1	0
61	20	3994	554	8	7	480	61	20	62	0	8	7	1
67	13	4503	55	4	2	480	67	13	73	0	4	2	0
59	11	4498	68	10	3	475	59	11	76	0	10	3	0
73	11	4397	148	6	3	486	73	11	66	0	6	3	0
71	13	4514	66	4	1	455	71	13	70	0	4	1	0
57	12	4494	58	11	1	491	57	12	76	0	11	1	2
68	14	4556	38	2	1	445	68	14	74	0	2	1	0
72	13	4502	55	4	0	478	72	13	70	0	4	0	0
67	18	4303	222	7	3	504	67	18	64	0	7	3	0
73	15	4409	158	4	2	463	73	15	65	0	4	2	0
70	13	4523	60	4	2	452	70	13	70	0	4	2	0
67	14	4485	79	4	2	473	67	14	72	0	4	2	0
67	10	4514	51	9	2	471	67	10	71	0	9	2	0
61	17	3990	528	7	8	513	61	17	66	0	7	8	0
64	14	4484	90	6	2	464	64	14	73	0	6	2	0
68	15	4414	169	6	3	449	68	15	66	0	6	3	1
49	15	4523	58	5	2	472	49	15	88	0	5	2	0
46	18	4383	233	8	2	434	46	18	85	0	8	2	0
65	19	4374	165	3	3	495	65	19	69	0	3	3	0
71	11	4506	38	10	2	486	71	11	65	0	10	2	0
63	12	4458	80	11	1	499	63	12	72	0	11	1	0
70	17	4464	108	4	2	459	70	17	66	0	4	2	0
70	11	4468	70	4	3	498	70	11	70	0	4	3	1
69	12	4516	49	6	3	469	69	12	69	0	6	3	0
66	10	4531	54	12	2	449	66	10	69	0	12	2	0
62	15	4351	235	6	4	451	62	15	72	0	6	4	0
61	15	4494	76	5	1	472	61	15	77	0	5	1	0
74	12	4520	37	6	2	473	74	12	65	0	6	2	0
64	16	4321	197	9	4	513	64	16	65	0	9	4	1
73	10	4548	43	6	2	442	73	10	68	0	6	2	0
57	25	3744	827	6	8	457	57	25	63	0	6	8	0
64	10	4495	62	12	1	480	64	10	72	0	12	1	0
58	13	4349	220	9	4	471	58	13	75	0	9	4	0
54	27	3705	825	8	11	494	54	27	58	0	8	11	1
69	9	4457	46	12	0	531	69	9	69	0	12	0	0
68	16	4484	84	3	4	465	68	16	68	0	3	4	0
65	16	4347	183	6	3	504	65	16	69	0	6	3	0
68	15	4476	74	3	2	486	68	15	70	0	3	2	1
64	13	4537	53	8	2	447	64	13	72	0	8	2	0
66	12	4510	60	5	3	468	66	12	73	0	5	3	0
65	13	4352	189	11	2	492	65	13	68	0	11	2	0
56	12	4410	175	8	2	461	56	12	81	0	8	2	0
56	24	4010	559	8	4	463	56	24	67	0	8	4	0
70	10	4541	45	4	2	452	70	10	72	0	4	2	1
59	14	4487	73	7	3	481	59	14	76	0	7	3	0
74	6	4516	33	7	2	486	74	6	70	0	7	2	0
59	22	3987	597	4	8	447	59	22	66	0	4	8	0
73	10	4506	46	5	4	480	73	10	67	0	5	4	0
76	14	4492	69	7	3	463	76	14	59	0	7	3	0
62	16	4390	162	6	2	486	62	16	73	0	6	2	0
63	15	4411	168	6	4	457	63	15	71	0	6	4	0
72	16	4407	170	6	4	449	72	16	61	0	6	4	0
66	20	4372	178	8	1	479	66	20	63	0	8	1	1
72	11	4551	40	5	1	444	72	11	70	0	5	1	0
69	14	4485	74	7	2	473	69	14	67	0	7	2	0
70	14	4475	84	6	1	474	70	14	68	0	6	1	0
67	10	4468	70	6	3	500	67	10	73	0	6	3	0
71	12	4501	52	7	1	480	71	12	68	0	7	1	0
70	14	4407	157	5	1	470	70	14	68	0	5	1	1
65	13	4515	65	6	2	458	65	13	73	0	6	2	0
69	15	4383	180	6	3	468	69	15	66	0	6	3	0
76	9	4484	53	5	3	494	76	9	66	0	5	3	0
72	12	4459	41	10	1	529	72	12	64	0	10	1	0
59	15	4504	63	8	2	473	59	15	75	0	8	2	0
68	14	4416	171	5	1	449	68	14	71	0	5	1	0
54	22	4021	510	7	2	508	54	22	74	0	7	2	0
66	14	4506	76	1	1	460	66	14	77	0	1	1	0
58	13	4509	64	10	1	469	58	13	77	0	10	1	0
64	15	4518	52	6	1	468	64	15	73	0	6	1	0
68	9	4424	145	8	2	468	68	9	71	0	8	2	1
66	11	4506	53	9	0	479	66	11	73	0	9	0	0
66	14	4500	51	4	3	486	66	14	72	0	4	3	0
72	12	4486	41	5	1	507	72	12	69	0	5	1	0
68	14	4503	68	6	2	463	68	14	69	0	6	2	0
75	13	4467	66	5	2	496	75	13	64	0	5	2	0
58	11	4417	143	9	3	483	58	11	78	0	9	3	0
66	13	4463	85	8	4	485	66	13	67	0	8	4	1
66	14	4385	166	7	3	483	66	14	69	0	7	3	0
63	10	4538	38	7	1	467	63	10	78	0	7	1	0
63	12	4507	67	7	0	468	63	12	76	0	7	0	1
71	9	4521	40	6	2	475	71	9	71	0	6	2	0
70	14	4520	71	5	1	443	70	14	69	0	5	1	0
63	17	4280	235	7	6	516	63	17	65	0	7	6	1
71	13	4388	155	3	2	492	71	13	69	0	3	2	1
71	11	4521	49	5	2	465	71	11	70	0	5	2	0
68	8	4516	41	9	1	481	68	8	73	0	9	1	0
66	15	4498	69	4	0	472	66	15	74	0	4	0	0
66	11	4510	46	8	3	480	66	11	71	0	8	3	0
73	12	4495	35	7	2	500	73	12	65	0	7	2	0
65	10	4424	167	11	3	444	65	10	70	0	11	3	0
68	13	4495	62	8	0	478	68	13	70	0	8	0	0
69	15	4486	83	4	2	465	69	15	69	0	4	2	0
62	19	4039	506	4	9	485	62	19	65	0	4	9	0
53	13	4501	62	6	1	488	53	13	86	0	6	1	0
65	15	4471	75	7	2	489	65	15	70	0	7	2	0
67	14	4491	75	10	0	467	67	14	67	1	10	0	0
68	16	4504	95	7	1	433	68	16	67	0	7	1	0
68	14	4450	82	6	0	504	68	14	71	0	6	0	0
69	16	4451	94	5	1	488	69	16	68	0	5	1	0
72	13	4383	182	6	2	466	72	13	65	0	6	2	1
66	15	4467	102	9	1	464	66	15	67	0	9	1	1
62	13	4403	160	7	5	474	62	13	72	0	7	5	0
68	15	4500	70	6	2	463	68	15	68	0	6	2	0
67	15	4377	180	8	4	473	67	15	65	0	8	4	0
63	10	4476	66	7	3	499	63	10	75	0	7	3	1
66	18	4278	242	6	2	512	66	18	67	0	6	2	0
64	15	4461	82	5	1	496	64	15	74	0	5	1	0
67	9	4515	39	11	2	481	67	9	70	0	11	2	0
71	14	4491	58	6	1	483	71	14	67	0	6	1	0
66	14	4497	55	5	1	486	66	14	73	0	5	1	0
